Date,DateYear,month,dom#,dow#,month_name,month_short_name,dow_name,fdom,ldom
2016-01-01,2016,1,1,6,January,Jan,Friday,2016-01-01,2016-01-31
2016-01-02,2016,1,2,7,January,Jan,Saturday,2016-01-01,2016-01-31
2016-01-03,2016,1,3,1,January,Jan,Sunday,2016-01-01,2016-01-31
2016-01-04,2016,1,4,2,January,Jan,Monday,2016-01-01,2016-01-31
2016-01-05,2016,1,5,3,January,Jan,Tuesday,2016-01-01,2016-01-31
2016-01-06,2016,1,6,4,January,Jan,Wednesday,2016-01-01,2016-01-31
2016-01-07,2016,1,7,5,January,Jan,Thursday,2016-01-01,2016-01-31
2016-01-08,2016,1,8,6,January,Jan,Friday,2016-01-01,2016-01-31
2016-01-09,2016,1,9,7,January,Jan,Saturday,2016-01-01,2016-01-31
2016-01-10,2016,1,10,1,January,Jan,Sunday,2016-01-01,2016-01-31
2016-01-11,2016,1,11,2,January,Jan,Monday,2016-01-01,2016-01-31
2016-01-12,2016,1,12,3,January,Jan,Tuesday,2016-01-01,2016-01-31
2016-01-13,2016,1,13,4,January,Jan,Wednesday,2016-01-01,2016-01-31
2016-01-14,2016,1,14,5,January,Jan,Thursday,2016-01-01,2016-01-31
2016-01-15,2016,1,15,6,January,Jan,Friday,2016-01-01,2016-01-31
2016-01-16,2016,1,16,7,January,Jan,Saturday,2016-01-01,2016-01-31
2016-01-17,2016,1,17,1,January,Jan,Sunday,2016-01-01,2016-01-31
2016-01-18,2016,1,18,2,January,Jan,Monday,2016-01-01,2016-01-31
2016-01-19,2016,1,19,3,January,Jan,Tuesday,2016-01-01,2016-01-31
2016-01-20,2016,1,20,4,January,Jan,Wednesday,2016-01-01,2016-01-31
2016-01-21,2016,1,21,5,January,Jan,Thursday,2016-01-01,2016-01-31
2016-01-22,2016,1,22,6,January,Jan,Friday,2016-01-01,2016-01-31
2016-01-23,2016,1,23,7,January,Jan,Saturday,2016-01-01,2016-01-31
2016-01-24,2016,1,24,1,January,Jan,Sunday,2016-01-01,2016-01-31
2016-01-25,2016,1,25,2,January,Jan,Monday,2016-01-01,2016-01-31
2016-01-26,2016,1,26,3,January,Jan,Tuesday,2016-01-01,2016-01-31
2016-01-27,2016,1,27,4,January,Jan,Wednesday,2016-01-01,2016-01-31
2016-01-28,2016,1,28,5,January,Jan,Thursday,2016-01-01,2016-01-31
2016-01-29,2016,1,29,6,January,Jan,Friday,2016-01-01,2016-01-31
2016-01-30,2016,1,30,7,January,Jan,Saturday,2016-01-01,2016-01-31
2016-01-31,2016,1,31,1,January,Jan,Sunday,2016-01-01,2016-01-31
2016-02-01,2016,2,1,2,February,Feb,Monday,2016-02-01,2016-02-29
2016-02-02,2016,2,2,3,February,Feb,Tuesday,2016-02-01,2016-02-29
2016-02-03,2016,2,3,4,February,Feb,Wednesday,2016-02-01,2016-02-29
2016-02-04,2016,2,4,5,February,Feb,Thursday,2016-02-01,2016-02-29
2016-02-05,2016,2,5,6,February,Feb,Friday,2016-02-01,2016-02-29
2016-02-06,2016,2,6,7,February,Feb,Saturday,2016-02-01,2016-02-29
2016-02-07,2016,2,7,1,February,Feb,Sunday,2016-02-01,2016-02-29
2016-02-08,2016,2,8,2,February,Feb,Monday,2016-02-01,2016-02-29
2016-02-09,2016,2,9,3,February,Feb,Tuesday,2016-02-01,2016-02-29
2016-02-10,2016,2,10,4,February,Feb,Wednesday,2016-02-01,2016-02-29
2016-02-11,2016,2,11,5,February,Feb,Thursday,2016-02-01,2016-02-29
2016-02-12,2016,2,12,6,February,Feb,Friday,2016-02-01,2016-02-29
2016-02-13,2016,2,13,7,February,Feb,Saturday,2016-02-01,2016-02-29
2016-02-14,2016,2,14,1,February,Feb,Sunday,2016-02-01,2016-02-29
2016-02-15,2016,2,15,2,February,Feb,Monday,2016-02-01,2016-02-29
2016-02-16,2016,2,16,3,February,Feb,Tuesday,2016-02-01,2016-02-29
2016-02-17,2016,2,17,4,February,Feb,Wednesday,2016-02-01,2016-02-29
2016-02-18,2016,2,18,5,February,Feb,Thursday,2016-02-01,2016-02-29
2016-02-19,2016,2,19,6,February,Feb,Friday,2016-02-01,2016-02-29
2016-02-20,2016,2,20,7,February,Feb,Saturday,2016-02-01,2016-02-29
2016-02-21,2016,2,21,1,February,Feb,Sunday,2016-02-01,2016-02-29
2016-02-22,2016,2,22,2,February,Feb,Monday,2016-02-01,2016-02-29
2016-02-23,2016,2,23,3,February,Feb,Tuesday,2016-02-01,2016-02-29
2016-02-24,2016,2,24,4,February,Feb,Wednesday,2016-02-01,2016-02-29
2016-02-25,2016,2,25,5,February,Feb,Thursday,2016-02-01,2016-02-29
2016-02-26,2016,2,26,6,February,Feb,Friday,2016-02-01,2016-02-29
2016-02-27,2016,2,27,7,February,Feb,Saturday,2016-02-01,2016-02-29
2016-02-28,2016,2,28,1,February,Feb,Sunday,2016-02-01,2016-02-29
2016-02-29,2016,2,29,2,February,Feb,Monday,2016-02-01,2016-02-29
2016-03-01,2016,3,1,3,March,Mar,Tuesday,2016-03-01,2016-03-29
2016-03-02,2016,3,2,4,March,Mar,Wednesday,2016-03-01,2016-03-29
2016-03-03,2016,3,3,5,March,Mar,Thursday,2016-03-01,2016-03-29
2016-03-04,2016,3,4,6,March,Mar,Friday,2016-03-01,2016-03-29
2016-03-05,2016,3,5,7,March,Mar,Saturday,2016-03-01,2016-03-29
2016-03-06,2016,3,6,1,March,Mar,Sunday,2016-03-01,2016-03-29
2016-03-07,2016,3,7,2,March,Mar,Monday,2016-03-01,2016-03-29
2016-03-08,2016,3,8,3,March,Mar,Tuesday,2016-03-01,2016-03-29
2016-03-09,2016,3,9,4,March,Mar,Wednesday,2016-03-01,2016-03-29
2016-03-10,2016,3,10,5,March,Mar,Thursday,2016-03-01,2016-03-29
2016-03-11,2016,3,11,6,March,Mar,Friday,2016-03-01,2016-03-29
2016-03-12,2016,3,12,7,March,Mar,Saturday,2016-03-01,2016-03-29
2016-03-13,2016,3,13,1,March,Mar,Sunday,2016-03-01,2016-03-29
2016-03-14,2016,3,14,2,March,Mar,Monday,2016-03-01,2016-03-29
2016-03-15,2016,3,15,3,March,Mar,Tuesday,2016-03-01,2016-03-29
2016-03-16,2016,3,16,4,March,Mar,Wednesday,2016-03-01,2016-03-29
2016-03-17,2016,3,17,5,March,Mar,Thursday,2016-03-01,2016-03-29
2016-03-18,2016,3,18,6,March,Mar,Friday,2016-03-01,2016-03-29
2016-03-19,2016,3,19,7,March,Mar,Saturday,2016-03-01,2016-03-29
2016-03-20,2016,3,20,1,March,Mar,Sunday,2016-03-01,2016-03-29
2016-03-21,2016,3,21,2,March,Mar,Monday,2016-03-01,2016-03-29
2016-03-22,2016,3,22,3,March,Mar,Tuesday,2016-03-01,2016-03-29
2016-03-23,2016,3,23,4,March,Mar,Wednesday,2016-03-01,2016-03-29
2016-03-24,2016,3,24,5,March,Mar,Thursday,2016-03-01,2016-03-29
2016-03-25,2016,3,25,6,March,Mar,Friday,2016-03-01,2016-03-29
2016-03-26,2016,3,26,7,March,Mar,Saturday,2016-03-01,2016-03-29
2016-03-27,2016,3,27,1,March,Mar,Sunday,2016-03-01,2016-03-29
2016-03-28,2016,3,28,2,March,Mar,Monday,2016-03-01,2016-03-29
2016-03-29,2016,3,29,3,March,Mar,Tuesday,2016-03-01,2016-03-29
2016-03-30,2016,3,30,4,March,Mar,Wednesday,2016-03-01,2016-03-29
2016-03-31,2016,3,31,5,March,Mar,Thursday,2016-03-01,2016-03-29
2016-04-01,2016,4,1,6,April,Apr,Friday,2016-04-01,2016-04-30
2016-04-02,2016,4,2,7,April,Apr,Saturday,2016-04-01,2016-04-30
2016-04-03,2016,4,3,1,April,Apr,Sunday,2016-04-01,2016-04-30
2016-04-04,2016,4,4,2,April,Apr,Monday,2016-04-01,2016-04-30
2016-04-05,2016,4,5,3,April,Apr,Tuesday,2016-04-01,2016-04-30
2016-04-06,2016,4,6,4,April,Apr,Wednesday,2016-04-01,2016-04-30
2016-04-07,2016,4,7,5,April,Apr,Thursday,2016-04-01,2016-04-30
2016-04-08,2016,4,8,6,April,Apr,Friday,2016-04-01,2016-04-30
2016-04-09,2016,4,9,7,April,Apr,Saturday,2016-04-01,2016-04-30
2016-04-10,2016,4,10,1,April,Apr,Sunday,2016-04-01,2016-04-30
2016-04-11,2016,4,11,2,April,Apr,Monday,2016-04-01,2016-04-30
2016-04-12,2016,4,12,3,April,Apr,Tuesday,2016-04-01,2016-04-30
2016-04-13,2016,4,13,4,April,Apr,Wednesday,2016-04-01,2016-04-30
2016-04-14,2016,4,14,5,April,Apr,Thursday,2016-04-01,2016-04-30
2016-04-15,2016,4,15,6,April,Apr,Friday,2016-04-01,2016-04-30
2016-04-16,2016,4,16,7,April,Apr,Saturday,2016-04-01,2016-04-30
2016-04-17,2016,4,17,1,April,Apr,Sunday,2016-04-01,2016-04-30
2016-04-18,2016,4,18,2,April,Apr,Monday,2016-04-01,2016-04-30
2016-04-19,2016,4,19,3,April,Apr,Tuesday,2016-04-01,2016-04-30
2016-04-20,2016,4,20,4,April,Apr,Wednesday,2016-04-01,2016-04-30
2016-04-21,2016,4,21,5,April,Apr,Thursday,2016-04-01,2016-04-30
2016-04-22,2016,4,22,6,April,Apr,Friday,2016-04-01,2016-04-30
2016-04-23,2016,4,23,7,April,Apr,Saturday,2016-04-01,2016-04-30
2016-04-24,2016,4,24,1,April,Apr,Sunday,2016-04-01,2016-04-30
2016-04-25,2016,4,25,2,April,Apr,Monday,2016-04-01,2016-04-30
2016-04-26,2016,4,26,3,April,Apr,Tuesday,2016-04-01,2016-04-30
2016-04-27,2016,4,27,4,April,Apr,Wednesday,2016-04-01,2016-04-30
2016-04-28,2016,4,28,5,April,Apr,Thursday,2016-04-01,2016-04-30
2016-04-29,2016,4,29,6,April,Apr,Friday,2016-04-01,2016-04-30
2016-04-30,2016,4,30,7,April,Apr,Saturday,2016-04-01,2016-04-30
2016-05-01,2016,5,1,1,May,May,Sunday,2016-05-01,2016-05-30
2016-05-02,2016,5,2,2,May,May,Monday,2016-05-01,2016-05-30
2016-05-03,2016,5,3,3,May,May,Tuesday,2016-05-01,2016-05-30
2016-05-04,2016,5,4,4,May,May,Wednesday,2016-05-01,2016-05-30
2016-05-05,2016,5,5,5,May,May,Thursday,2016-05-01,2016-05-30
2016-05-06,2016,5,6,6,May,May,Friday,2016-05-01,2016-05-30
2016-05-07,2016,5,7,7,May,May,Saturday,2016-05-01,2016-05-30
2016-05-08,2016,5,8,1,May,May,Sunday,2016-05-01,2016-05-30
2016-05-09,2016,5,9,2,May,May,Monday,2016-05-01,2016-05-30
2016-05-10,2016,5,10,3,May,May,Tuesday,2016-05-01,2016-05-30
2016-05-11,2016,5,11,4,May,May,Wednesday,2016-05-01,2016-05-30
2016-05-12,2016,5,12,5,May,May,Thursday,2016-05-01,2016-05-30
2016-05-13,2016,5,13,6,May,May,Friday,2016-05-01,2016-05-30
2016-05-14,2016,5,14,7,May,May,Saturday,2016-05-01,2016-05-30
2016-05-15,2016,5,15,1,May,May,Sunday,2016-05-01,2016-05-30
2016-05-16,2016,5,16,2,May,May,Monday,2016-05-01,2016-05-30
2016-05-17,2016,5,17,3,May,May,Tuesday,2016-05-01,2016-05-30
2016-05-18,2016,5,18,4,May,May,Wednesday,2016-05-01,2016-05-30
2016-05-19,2016,5,19,5,May,May,Thursday,2016-05-01,2016-05-30
2016-05-20,2016,5,20,6,May,May,Friday,2016-05-01,2016-05-30
2016-05-21,2016,5,21,7,May,May,Saturday,2016-05-01,2016-05-30
2016-05-22,2016,5,22,1,May,May,Sunday,2016-05-01,2016-05-30
2016-05-23,2016,5,23,2,May,May,Monday,2016-05-01,2016-05-30
2016-05-24,2016,5,24,3,May,May,Tuesday,2016-05-01,2016-05-30
2016-05-25,2016,5,25,4,May,May,Wednesday,2016-05-01,2016-05-30
2016-05-26,2016,5,26,5,May,May,Thursday,2016-05-01,2016-05-30
2016-05-27,2016,5,27,6,May,May,Friday,2016-05-01,2016-05-30
2016-05-28,2016,5,28,7,May,May,Saturday,2016-05-01,2016-05-30
2016-05-29,2016,5,29,1,May,May,Sunday,2016-05-01,2016-05-30
2016-05-30,2016,5,30,2,May,May,Monday,2016-05-01,2016-05-30
2016-05-31,2016,5,31,3,May,May,Tuesday,2016-05-01,2016-05-30
2016-06-01,2016,6,1,4,June,Jun,Wednesday,2016-06-01,2016-06-30
2016-06-02,2016,6,2,5,June,Jun,Thursday,2016-06-01,2016-06-30
2016-06-03,2016,6,3,6,June,Jun,Friday,2016-06-01,2016-06-30
2016-06-04,2016,6,4,7,June,Jun,Saturday,2016-06-01,2016-06-30
2016-06-05,2016,6,5,1,June,Jun,Sunday,2016-06-01,2016-06-30
2016-06-06,2016,6,6,2,June,Jun,Monday,2016-06-01,2016-06-30
2016-06-07,2016,6,7,3,June,Jun,Tuesday,2016-06-01,2016-06-30
2016-06-08,2016,6,8,4,June,Jun,Wednesday,2016-06-01,2016-06-30
2016-06-09,2016,6,9,5,June,Jun,Thursday,2016-06-01,2016-06-30
2016-06-10,2016,6,10,6,June,Jun,Friday,2016-06-01,2016-06-30
2016-06-11,2016,6,11,7,June,Jun,Saturday,2016-06-01,2016-06-30
2016-06-12,2016,6,12,1,June,Jun,Sunday,2016-06-01,2016-06-30
2016-06-13,2016,6,13,2,June,Jun,Monday,2016-06-01,2016-06-30
2016-06-14,2016,6,14,3,June,Jun,Tuesday,2016-06-01,2016-06-30
2016-06-15,2016,6,15,4,June,Jun,Wednesday,2016-06-01,2016-06-30
2016-06-16,2016,6,16,5,June,Jun,Thursday,2016-06-01,2016-06-30
2016-06-17,2016,6,17,6,June,Jun,Friday,2016-06-01,2016-06-30
2016-06-18,2016,6,18,7,June,Jun,Saturday,2016-06-01,2016-06-30
2016-06-19,2016,6,19,1,June,Jun,Sunday,2016-06-01,2016-06-30
2016-06-20,2016,6,20,2,June,Jun,Monday,2016-06-01,2016-06-30
2016-06-21,2016,6,21,3,June,Jun,Tuesday,2016-06-01,2016-06-30
2016-06-22,2016,6,22,4,June,Jun,Wednesday,2016-06-01,2016-06-30
2016-06-23,2016,6,23,5,June,Jun,Thursday,2016-06-01,2016-06-30
2016-06-24,2016,6,24,6,June,Jun,Friday,2016-06-01,2016-06-30
2016-06-25,2016,6,25,7,June,Jun,Saturday,2016-06-01,2016-06-30
2016-06-26,2016,6,26,1,June,Jun,Sunday,2016-06-01,2016-06-30
2016-06-27,2016,6,27,2,June,Jun,Monday,2016-06-01,2016-06-30
2016-06-28,2016,6,28,3,June,Jun,Tuesday,2016-06-01,2016-06-30
2016-06-29,2016,6,29,4,June,Jun,Wednesday,2016-06-01,2016-06-30
2016-06-30,2016,6,30,5,June,Jun,Thursday,2016-06-01,2016-06-30
2016-07-01,2016,7,1,6,July,Jul,Friday,2016-07-01,2016-07-30
2016-07-02,2016,7,2,7,July,Jul,Saturday,2016-07-01,2016-07-30
2016-07-03,2016,7,3,1,July,Jul,Sunday,2016-07-01,2016-07-30
2016-07-04,2016,7,4,2,July,Jul,Monday,2016-07-01,2016-07-30
2016-07-05,2016,7,5,3,July,Jul,Tuesday,2016-07-01,2016-07-30
2016-07-06,2016,7,6,4,July,Jul,Wednesday,2016-07-01,2016-07-30
2016-07-07,2016,7,7,5,July,Jul,Thursday,2016-07-01,2016-07-30
2016-07-08,2016,7,8,6,July,Jul,Friday,2016-07-01,2016-07-30
2016-07-09,2016,7,9,7,July,Jul,Saturday,2016-07-01,2016-07-30
2016-07-10,2016,7,10,1,July,Jul,Sunday,2016-07-01,2016-07-30
2016-07-11,2016,7,11,2,July,Jul,Monday,2016-07-01,2016-07-30
2016-07-12,2016,7,12,3,July,Jul,Tuesday,2016-07-01,2016-07-30
2016-07-13,2016,7,13,4,July,Jul,Wednesday,2016-07-01,2016-07-30
2016-07-14,2016,7,14,5,July,Jul,Thursday,2016-07-01,2016-07-30
2016-07-15,2016,7,15,6,July,Jul,Friday,2016-07-01,2016-07-30
2016-07-16,2016,7,16,7,July,Jul,Saturday,2016-07-01,2016-07-30
2016-07-17,2016,7,17,1,July,Jul,Sunday,2016-07-01,2016-07-30
2016-07-18,2016,7,18,2,July,Jul,Monday,2016-07-01,2016-07-30
2016-07-19,2016,7,19,3,July,Jul,Tuesday,2016-07-01,2016-07-30
2016-07-20,2016,7,20,4,July,Jul,Wednesday,2016-07-01,2016-07-30
2016-07-21,2016,7,21,5,July,Jul,Thursday,2016-07-01,2016-07-30
2016-07-22,2016,7,22,6,July,Jul,Friday,2016-07-01,2016-07-30
2016-07-23,2016,7,23,7,July,Jul,Saturday,2016-07-01,2016-07-30
2016-07-24,2016,7,24,1,July,Jul,Sunday,2016-07-01,2016-07-30
2016-07-25,2016,7,25,2,July,Jul,Monday,2016-07-01,2016-07-30
2016-07-26,2016,7,26,3,July,Jul,Tuesday,2016-07-01,2016-07-30
2016-07-27,2016,7,27,4,July,Jul,Wednesday,2016-07-01,2016-07-30
2016-07-28,2016,7,28,5,July,Jul,Thursday,2016-07-01,2016-07-30
2016-07-29,2016,7,29,6,July,Jul,Friday,2016-07-01,2016-07-30
2016-07-30,2016,7,30,7,July,Jul,Saturday,2016-07-01,2016-07-30
2016-07-31,2016,7,31,1,July,Jul,Sunday,2016-07-01,2016-07-30
2016-08-01,2016,8,1,2,August,Aug,Monday,2016-08-01,2016-08-31
2016-08-02,2016,8,2,3,August,Aug,Tuesday,2016-08-01,2016-08-31
2016-08-03,2016,8,3,4,August,Aug,Wednesday,2016-08-01,2016-08-31
2016-08-04,2016,8,4,5,August,Aug,Thursday,2016-08-01,2016-08-31
2016-08-05,2016,8,5,6,August,Aug,Friday,2016-08-01,2016-08-31
2016-08-06,2016,8,6,7,August,Aug,Saturday,2016-08-01,2016-08-31
2016-08-07,2016,8,7,1,August,Aug,Sunday,2016-08-01,2016-08-31
2016-08-08,2016,8,8,2,August,Aug,Monday,2016-08-01,2016-08-31
2016-08-09,2016,8,9,3,August,Aug,Tuesday,2016-08-01,2016-08-31
2016-08-10,2016,8,10,4,August,Aug,Wednesday,2016-08-01,2016-08-31
2016-08-11,2016,8,11,5,August,Aug,Thursday,2016-08-01,2016-08-31
2016-08-12,2016,8,12,6,August,Aug,Friday,2016-08-01,2016-08-31
2016-08-13,2016,8,13,7,August,Aug,Saturday,2016-08-01,2016-08-31
2016-08-14,2016,8,14,1,August,Aug,Sunday,2016-08-01,2016-08-31
2016-08-15,2016,8,15,2,August,Aug,Monday,2016-08-01,2016-08-31
2016-08-16,2016,8,16,3,August,Aug,Tuesday,2016-08-01,2016-08-31
2016-08-17,2016,8,17,4,August,Aug,Wednesday,2016-08-01,2016-08-31
2016-08-18,2016,8,18,5,August,Aug,Thursday,2016-08-01,2016-08-31
2016-08-19,2016,8,19,6,August,Aug,Friday,2016-08-01,2016-08-31
2016-08-20,2016,8,20,7,August,Aug,Saturday,2016-08-01,2016-08-31
2016-08-21,2016,8,21,1,August,Aug,Sunday,2016-08-01,2016-08-31
2016-08-22,2016,8,22,2,August,Aug,Monday,2016-08-01,2016-08-31
2016-08-23,2016,8,23,3,August,Aug,Tuesday,2016-08-01,2016-08-31
2016-08-24,2016,8,24,4,August,Aug,Wednesday,2016-08-01,2016-08-31
2016-08-25,2016,8,25,5,August,Aug,Thursday,2016-08-01,2016-08-31
2016-08-26,2016,8,26,6,August,Aug,Friday,2016-08-01,2016-08-31
2016-08-27,2016,8,27,7,August,Aug,Saturday,2016-08-01,2016-08-31
2016-08-28,2016,8,28,1,August,Aug,Sunday,2016-08-01,2016-08-31
2016-08-29,2016,8,29,2,August,Aug,Monday,2016-08-01,2016-08-31
2016-08-30,2016,8,30,3,August,Aug,Tuesday,2016-08-01,2016-08-31
2016-08-31,2016,8,31,4,August,Aug,Wednesday,2016-08-01,2016-08-31
2016-09-01,2016,9,1,5,September,Sep,Thursday,2016-09-01,2016-09-30
2016-09-02,2016,9,2,6,September,Sep,Friday,2016-09-01,2016-09-30
2016-09-03,2016,9,3,7,September,Sep,Saturday,2016-09-01,2016-09-30
2016-09-04,2016,9,4,1,September,Sep,Sunday,2016-09-01,2016-09-30
2016-09-05,2016,9,5,2,September,Sep,Monday,2016-09-01,2016-09-30
2016-09-06,2016,9,6,3,September,Sep,Tuesday,2016-09-01,2016-09-30
2016-09-07,2016,9,7,4,September,Sep,Wednesday,2016-09-01,2016-09-30
2016-09-08,2016,9,8,5,September,Sep,Thursday,2016-09-01,2016-09-30
2016-09-09,2016,9,9,6,September,Sep,Friday,2016-09-01,2016-09-30
2016-09-10,2016,9,10,7,September,Sep,Saturday,2016-09-01,2016-09-30
2016-09-11,2016,9,11,1,September,Sep,Sunday,2016-09-01,2016-09-30
2016-09-12,2016,9,12,2,September,Sep,Monday,2016-09-01,2016-09-30
2016-09-13,2016,9,13,3,September,Sep,Tuesday,2016-09-01,2016-09-30
2016-09-14,2016,9,14,4,September,Sep,Wednesday,2016-09-01,2016-09-30
2016-09-15,2016,9,15,5,September,Sep,Thursday,2016-09-01,2016-09-30
2016-09-16,2016,9,16,6,September,Sep,Friday,2016-09-01,2016-09-30
2016-09-17,2016,9,17,7,September,Sep,Saturday,2016-09-01,2016-09-30
2016-09-18,2016,9,18,1,September,Sep,Sunday,2016-09-01,2016-09-30
2016-09-19,2016,9,19,2,September,Sep,Monday,2016-09-01,2016-09-30
2016-09-20,2016,9,20,3,September,Sep,Tuesday,2016-09-01,2016-09-30
2016-09-21,2016,9,21,4,September,Sep,Wednesday,2016-09-01,2016-09-30
2016-09-22,2016,9,22,5,September,Sep,Thursday,2016-09-01,2016-09-30
2016-09-23,2016,9,23,6,September,Sep,Friday,2016-09-01,2016-09-30
2016-09-24,2016,9,24,7,September,Sep,Saturday,2016-09-01,2016-09-30
2016-09-25,2016,9,25,1,September,Sep,Sunday,2016-09-01,2016-09-30
2016-09-26,2016,9,26,2,September,Sep,Monday,2016-09-01,2016-09-30
2016-09-27,2016,9,27,3,September,Sep,Tuesday,2016-09-01,2016-09-30
2016-09-28,2016,9,28,4,September,Sep,Wednesday,2016-09-01,2016-09-30
2016-09-29,2016,9,29,5,September,Sep,Thursday,2016-09-01,2016-09-30
2016-09-30,2016,9,30,6,September,Sep,Friday,2016-09-01,2016-09-30
2016-10-01,2016,10,1,7,October,Oct,Saturday,2016-10-01,2016-10-30
2016-10-02,2016,10,2,1,October,Oct,Sunday,2016-10-01,2016-10-30
2016-10-03,2016,10,3,2,October,Oct,Monday,2016-10-01,2016-10-30
2016-10-04,2016,10,4,3,October,Oct,Tuesday,2016-10-01,2016-10-30
2016-10-05,2016,10,5,4,October,Oct,Wednesday,2016-10-01,2016-10-30
2016-10-06,2016,10,6,5,October,Oct,Thursday,2016-10-01,2016-10-30
2016-10-07,2016,10,7,6,October,Oct,Friday,2016-10-01,2016-10-30
2016-10-08,2016,10,8,7,October,Oct,Saturday,2016-10-01,2016-10-30
2016-10-09,2016,10,9,1,October,Oct,Sunday,2016-10-01,2016-10-30
2016-10-10,2016,10,10,2,October,Oct,Monday,2016-10-01,2016-10-30
2016-10-11,2016,10,11,3,October,Oct,Tuesday,2016-10-01,2016-10-30
2016-10-12,2016,10,12,4,October,Oct,Wednesday,2016-10-01,2016-10-30
2016-10-13,2016,10,13,5,October,Oct,Thursday,2016-10-01,2016-10-30
2016-10-14,2016,10,14,6,October,Oct,Friday,2016-10-01,2016-10-30
2016-10-15,2016,10,15,7,October,Oct,Saturday,2016-10-01,2016-10-30
2016-10-16,2016,10,16,1,October,Oct,Sunday,2016-10-01,2016-10-30
2016-10-17,2016,10,17,2,October,Oct,Monday,2016-10-01,2016-10-30
2016-10-18,2016,10,18,3,October,Oct,Tuesday,2016-10-01,2016-10-30
2016-10-19,2016,10,19,4,October,Oct,Wednesday,2016-10-01,2016-10-30
2016-10-20,2016,10,20,5,October,Oct,Thursday,2016-10-01,2016-10-30
2016-10-21,2016,10,21,6,October,Oct,Friday,2016-10-01,2016-10-30
2016-10-22,2016,10,22,7,October,Oct,Saturday,2016-10-01,2016-10-30
2016-10-23,2016,10,23,1,October,Oct,Sunday,2016-10-01,2016-10-30
2016-10-24,2016,10,24,2,October,Oct,Monday,2016-10-01,2016-10-30
2016-10-25,2016,10,25,3,October,Oct,Tuesday,2016-10-01,2016-10-30
2016-10-26,2016,10,26,4,October,Oct,Wednesday,2016-10-01,2016-10-30
2016-10-27,2016,10,27,5,October,Oct,Thursday,2016-10-01,2016-10-30
2016-10-28,2016,10,28,6,October,Oct,Friday,2016-10-01,2016-10-30
2016-10-29,2016,10,29,7,October,Oct,Saturday,2016-10-01,2016-10-30
2016-10-30,2016,10,30,1,October,Oct,Sunday,2016-10-01,2016-10-30
2016-10-31,2016,10,31,2,October,Oct,Monday,2016-10-01,2016-10-30
2016-11-01,2016,11,1,3,November,Nov,Tuesday,2016-11-01,2016-11-30
2016-11-02,2016,11,2,4,November,Nov,Wednesday,2016-11-01,2016-11-30
2016-11-03,2016,11,3,5,November,Nov,Thursday,2016-11-01,2016-11-30
2016-11-04,2016,11,4,6,November,Nov,Friday,2016-11-01,2016-11-30
2016-11-05,2016,11,5,7,November,Nov,Saturday,2016-11-01,2016-11-30
2016-11-06,2016,11,6,1,November,Nov,Sunday,2016-11-01,2016-11-30
2016-11-07,2016,11,7,2,November,Nov,Monday,2016-11-01,2016-11-30
2016-11-08,2016,11,8,3,November,Nov,Tuesday,2016-11-01,2016-11-30
2016-11-09,2016,11,9,4,November,Nov,Wednesday,2016-11-01,2016-11-30
2016-11-10,2016,11,10,5,November,Nov,Thursday,2016-11-01,2016-11-30
2016-11-11,2016,11,11,6,November,Nov,Friday,2016-11-01,2016-11-30
2016-11-12,2016,11,12,7,November,Nov,Saturday,2016-11-01,2016-11-30
2016-11-13,2016,11,13,1,November,Nov,Sunday,2016-11-01,2016-11-30
2016-11-14,2016,11,14,2,November,Nov,Monday,2016-11-01,2016-11-30
2016-11-15,2016,11,15,3,November,Nov,Tuesday,2016-11-01,2016-11-30
2016-11-16,2016,11,16,4,November,Nov,Wednesday,2016-11-01,2016-11-30
2016-11-17,2016,11,17,5,November,Nov,Thursday,2016-11-01,2016-11-30
2016-11-18,2016,11,18,6,November,Nov,Friday,2016-11-01,2016-11-30
2016-11-19,2016,11,19,7,November,Nov,Saturday,2016-11-01,2016-11-30
2016-11-20,2016,11,20,1,November,Nov,Sunday,2016-11-01,2016-11-30
2016-11-21,2016,11,21,2,November,Nov,Monday,2016-11-01,2016-11-30
2016-11-22,2016,11,22,3,November,Nov,Tuesday,2016-11-01,2016-11-30
2016-11-23,2016,11,23,4,November,Nov,Wednesday,2016-11-01,2016-11-30
2016-11-24,2016,11,24,5,November,Nov,Thursday,2016-11-01,2016-11-30
2016-11-25,2016,11,25,6,November,Nov,Friday,2016-11-01,2016-11-30
2016-11-26,2016,11,26,7,November,Nov,Saturday,2016-11-01,2016-11-30
2016-11-27,2016,11,27,1,November,Nov,Sunday,2016-11-01,2016-11-30
2016-11-28,2016,11,28,2,November,Nov,Monday,2016-11-01,2016-11-30
2016-11-29,2016,11,29,3,November,Nov,Tuesday,2016-11-01,2016-11-30
2016-11-30,2016,11,30,4,November,Nov,Wednesday,2016-11-01,2016-11-30
2016-12-01,2016,12,1,5,December,Dec,Thursday,2016-12-01,2016-12-30
2016-12-02,2016,12,2,6,December,Dec,Friday,2016-12-01,2016-12-30
2016-12-03,2016,12,3,7,December,Dec,Saturday,2016-12-01,2016-12-30
2016-12-04,2016,12,4,1,December,Dec,Sunday,2016-12-01,2016-12-30
2016-12-05,2016,12,5,2,December,Dec,Monday,2016-12-01,2016-12-30
2016-12-06,2016,12,6,3,December,Dec,Tuesday,2016-12-01,2016-12-30
2016-12-07,2016,12,7,4,December,Dec,Wednesday,2016-12-01,2016-12-30
2016-12-08,2016,12,8,5,December,Dec,Thursday,2016-12-01,2016-12-30
2016-12-09,2016,12,9,6,December,Dec,Friday,2016-12-01,2016-12-30
2016-12-10,2016,12,10,7,December,Dec,Saturday,2016-12-01,2016-12-30
2016-12-11,2016,12,11,1,December,Dec,Sunday,2016-12-01,2016-12-30
2016-12-12,2016,12,12,2,December,Dec,Monday,2016-12-01,2016-12-30
2016-12-13,2016,12,13,3,December,Dec,Tuesday,2016-12-01,2016-12-30
2016-12-14,2016,12,14,4,December,Dec,Wednesday,2016-12-01,2016-12-30
2016-12-15,2016,12,15,5,December,Dec,Thursday,2016-12-01,2016-12-30
2016-12-16,2016,12,16,6,December,Dec,Friday,2016-12-01,2016-12-30
2016-12-17,2016,12,17,7,December,Dec,Saturday,2016-12-01,2016-12-30
2016-12-18,2016,12,18,1,December,Dec,Sunday,2016-12-01,2016-12-30
2016-12-19,2016,12,19,2,December,Dec,Monday,2016-12-01,2016-12-30
2016-12-20,2016,12,20,3,December,Dec,Tuesday,2016-12-01,2016-12-30
2016-12-21,2016,12,21,4,December,Dec,Wednesday,2016-12-01,2016-12-30
2016-12-22,2016,12,22,5,December,Dec,Thursday,2016-12-01,2016-12-30
2016-12-23,2016,12,23,6,December,Dec,Friday,2016-12-01,2016-12-30
2016-12-24,2016,12,24,7,December,Dec,Saturday,2016-12-01,2016-12-30
2016-12-25,2016,12,25,1,December,Dec,Sunday,2016-12-01,2016-12-30
2016-12-26,2016,12,26,2,December,Dec,Monday,2016-12-01,2016-12-30
2016-12-27,2016,12,27,3,December,Dec,Tuesday,2016-12-01,2016-12-30
2016-12-28,2016,12,28,4,December,Dec,Wednesday,2016-12-01,2016-12-30
2016-12-29,2016,12,29,5,December,Dec,Thursday,2016-12-01,2016-12-30
2016-12-30,2016,12,30,6,December,Dec,Friday,2016-12-01,2016-12-30
2016-12-31,2016,12,31,7,December,Dec,Saturday,2016-12-01,2016-12-30
2017-01-01,2017,1,1,1,January,Jan,Sunday,2017-01-01,2017-01-31
2017-01-02,2017,1,2,2,January,Jan,Monday,2017-01-01,2017-01-31
2017-01-03,2017,1,3,3,January,Jan,Tuesday,2017-01-01,2017-01-31
2017-01-04,2017,1,4,4,January,Jan,Wednesday,2017-01-01,2017-01-31
2017-01-05,2017,1,5,5,January,Jan,Thursday,2017-01-01,2017-01-31
2017-01-06,2017,1,6,6,January,Jan,Friday,2017-01-01,2017-01-31
2017-01-07,2017,1,7,7,January,Jan,Saturday,2017-01-01,2017-01-31
2017-01-08,2017,1,8,1,January,Jan,Sunday,2017-01-01,2017-01-31
2017-01-09,2017,1,9,2,January,Jan,Monday,2017-01-01,2017-01-31
2017-01-10,2017,1,10,3,January,Jan,Tuesday,2017-01-01,2017-01-31
2017-01-11,2017,1,11,4,January,Jan,Wednesday,2017-01-01,2017-01-31
2017-01-12,2017,1,12,5,January,Jan,Thursday,2017-01-01,2017-01-31
2017-01-13,2017,1,13,6,January,Jan,Friday,2017-01-01,2017-01-31
2017-01-14,2017,1,14,7,January,Jan,Saturday,2017-01-01,2017-01-31
2017-01-15,2017,1,15,1,January,Jan,Sunday,2017-01-01,2017-01-31
2017-01-16,2017,1,16,2,January,Jan,Monday,2017-01-01,2017-01-31
2017-01-17,2017,1,17,3,January,Jan,Tuesday,2017-01-01,2017-01-31
2017-01-18,2017,1,18,4,January,Jan,Wednesday,2017-01-01,2017-01-31
2017-01-19,2017,1,19,5,January,Jan,Thursday,2017-01-01,2017-01-31
2017-01-20,2017,1,20,6,January,Jan,Friday,2017-01-01,2017-01-31
2017-01-21,2017,1,21,7,January,Jan,Saturday,2017-01-01,2017-01-31
2017-01-22,2017,1,22,1,January,Jan,Sunday,2017-01-01,2017-01-31
2017-01-23,2017,1,23,2,January,Jan,Monday,2017-01-01,2017-01-31
2017-01-24,2017,1,24,3,January,Jan,Tuesday,2017-01-01,2017-01-31
2017-01-25,2017,1,25,4,January,Jan,Wednesday,2017-01-01,2017-01-31
2017-01-26,2017,1,26,5,January,Jan,Thursday,2017-01-01,2017-01-31
2017-01-27,2017,1,27,6,January,Jan,Friday,2017-01-01,2017-01-31
2017-01-28,2017,1,28,7,January,Jan,Saturday,2017-01-01,2017-01-31
2017-01-29,2017,1,29,1,January,Jan,Sunday,2017-01-01,2017-01-31
2017-01-30,2017,1,30,2,January,Jan,Monday,2017-01-01,2017-01-31
2017-01-31,2017,1,31,3,January,Jan,Tuesday,2017-01-01,2017-01-31
2017-02-01,2017,2,1,4,February,Feb,Wednesday,2017-02-01,2017-02-28
2017-02-02,2017,2,2,5,February,Feb,Thursday,2017-02-01,2017-02-28
2017-02-03,2017,2,3,6,February,Feb,Friday,2017-02-01,2017-02-28
2017-02-04,2017,2,4,7,February,Feb,Saturday,2017-02-01,2017-02-28
2017-02-05,2017,2,5,1,February,Feb,Sunday,2017-02-01,2017-02-28
2017-02-06,2017,2,6,2,February,Feb,Monday,2017-02-01,2017-02-28
2017-02-07,2017,2,7,3,February,Feb,Tuesday,2017-02-01,2017-02-28
2017-02-08,2017,2,8,4,February,Feb,Wednesday,2017-02-01,2017-02-28
2017-02-09,2017,2,9,5,February,Feb,Thursday,2017-02-01,2017-02-28
2017-02-10,2017,2,10,6,February,Feb,Friday,2017-02-01,2017-02-28
2017-02-11,2017,2,11,7,February,Feb,Saturday,2017-02-01,2017-02-28
2017-02-12,2017,2,12,1,February,Feb,Sunday,2017-02-01,2017-02-28
2017-02-13,2017,2,13,2,February,Feb,Monday,2017-02-01,2017-02-28
2017-02-14,2017,2,14,3,February,Feb,Tuesday,2017-02-01,2017-02-28
2017-02-15,2017,2,15,4,February,Feb,Wednesday,2017-02-01,2017-02-28
2017-02-16,2017,2,16,5,February,Feb,Thursday,2017-02-01,2017-02-28
2017-02-17,2017,2,17,6,February,Feb,Friday,2017-02-01,2017-02-28
2017-02-18,2017,2,18,7,February,Feb,Saturday,2017-02-01,2017-02-28
2017-02-19,2017,2,19,1,February,Feb,Sunday,2017-02-01,2017-02-28
2017-02-20,2017,2,20,2,February,Feb,Monday,2017-02-01,2017-02-28
2017-02-21,2017,2,21,3,February,Feb,Tuesday,2017-02-01,2017-02-28
2017-02-22,2017,2,22,4,February,Feb,Wednesday,2017-02-01,2017-02-28
2017-02-23,2017,2,23,5,February,Feb,Thursday,2017-02-01,2017-02-28
2017-02-24,2017,2,24,6,February,Feb,Friday,2017-02-01,2017-02-28
2017-02-25,2017,2,25,7,February,Feb,Saturday,2017-02-01,2017-02-28
2017-02-26,2017,2,26,1,February,Feb,Sunday,2017-02-01,2017-02-28
2017-02-27,2017,2,27,2,February,Feb,Monday,2017-02-01,2017-02-28
2017-02-28,2017,2,28,3,February,Feb,Tuesday,2017-02-01,2017-02-28
2017-03-01,2017,3,1,4,March,Mar,Wednesday,2017-03-01,2017-03-28
2017-03-02,2017,3,2,5,March,Mar,Thursday,2017-03-01,2017-03-28
2017-03-03,2017,3,3,6,March,Mar,Friday,2017-03-01,2017-03-28
2017-03-04,2017,3,4,7,March,Mar,Saturday,2017-03-01,2017-03-28
2017-03-05,2017,3,5,1,March,Mar,Sunday,2017-03-01,2017-03-28
2017-03-06,2017,3,6,2,March,Mar,Monday,2017-03-01,2017-03-28
2017-03-07,2017,3,7,3,March,Mar,Tuesday,2017-03-01,2017-03-28
2017-03-08,2017,3,8,4,March,Mar,Wednesday,2017-03-01,2017-03-28
2017-03-09,2017,3,9,5,March,Mar,Thursday,2017-03-01,2017-03-28
2017-03-10,2017,3,10,6,March,Mar,Friday,2017-03-01,2017-03-28
2017-03-11,2017,3,11,7,March,Mar,Saturday,2017-03-01,2017-03-28
2017-03-12,2017,3,12,1,March,Mar,Sunday,2017-03-01,2017-03-28
2017-03-13,2017,3,13,2,March,Mar,Monday,2017-03-01,2017-03-28
2017-03-14,2017,3,14,3,March,Mar,Tuesday,2017-03-01,2017-03-28
2017-03-15,2017,3,15,4,March,Mar,Wednesday,2017-03-01,2017-03-28
2017-03-16,2017,3,16,5,March,Mar,Thursday,2017-03-01,2017-03-28
2017-03-17,2017,3,17,6,March,Mar,Friday,2017-03-01,2017-03-28
2017-03-18,2017,3,18,7,March,Mar,Saturday,2017-03-01,2017-03-28
2017-03-19,2017,3,19,1,March,Mar,Sunday,2017-03-01,2017-03-28
2017-03-20,2017,3,20,2,March,Mar,Monday,2017-03-01,2017-03-28
2017-03-21,2017,3,21,3,March,Mar,Tuesday,2017-03-01,2017-03-28
2017-03-22,2017,3,22,4,March,Mar,Wednesday,2017-03-01,2017-03-28
2017-03-23,2017,3,23,5,March,Mar,Thursday,2017-03-01,2017-03-28
2017-03-24,2017,3,24,6,March,Mar,Friday,2017-03-01,2017-03-28
2017-03-25,2017,3,25,7,March,Mar,Saturday,2017-03-01,2017-03-28
2017-03-26,2017,3,26,1,March,Mar,Sunday,2017-03-01,2017-03-28
2017-03-27,2017,3,27,2,March,Mar,Monday,2017-03-01,2017-03-28
2017-03-28,2017,3,28,3,March,Mar,Tuesday,2017-03-01,2017-03-28
2017-03-29,2017,3,29,4,March,Mar,Wednesday,2017-03-01,2017-03-28
2017-03-30,2017,3,30,5,March,Mar,Thursday,2017-03-01,2017-03-28
2017-03-31,2017,3,31,6,March,Mar,Friday,2017-03-01,2017-03-28
2017-04-01,2017,4,1,7,April,Apr,Saturday,2017-04-01,2017-04-30
2017-04-02,2017,4,2,1,April,Apr,Sunday,2017-04-01,2017-04-30
2017-04-03,2017,4,3,2,April,Apr,Monday,2017-04-01,2017-04-30
2017-04-04,2017,4,4,3,April,Apr,Tuesday,2017-04-01,2017-04-30
2017-04-05,2017,4,5,4,April,Apr,Wednesday,2017-04-01,2017-04-30
2017-04-06,2017,4,6,5,April,Apr,Thursday,2017-04-01,2017-04-30
2017-04-07,2017,4,7,6,April,Apr,Friday,2017-04-01,2017-04-30
2017-04-08,2017,4,8,7,April,Apr,Saturday,2017-04-01,2017-04-30
2017-04-09,2017,4,9,1,April,Apr,Sunday,2017-04-01,2017-04-30
2017-04-10,2017,4,10,2,April,Apr,Monday,2017-04-01,2017-04-30
2017-04-11,2017,4,11,3,April,Apr,Tuesday,2017-04-01,2017-04-30
2017-04-12,2017,4,12,4,April,Apr,Wednesday,2017-04-01,2017-04-30
2017-04-13,2017,4,13,5,April,Apr,Thursday,2017-04-01,2017-04-30
2017-04-14,2017,4,14,6,April,Apr,Friday,2017-04-01,2017-04-30
2017-04-15,2017,4,15,7,April,Apr,Saturday,2017-04-01,2017-04-30
2017-04-16,2017,4,16,1,April,Apr,Sunday,2017-04-01,2017-04-30
2017-04-17,2017,4,17,2,April,Apr,Monday,2017-04-01,2017-04-30
2017-04-18,2017,4,18,3,April,Apr,Tuesday,2017-04-01,2017-04-30
2017-04-19,2017,4,19,4,April,Apr,Wednesday,2017-04-01,2017-04-30
2017-04-20,2017,4,20,5,April,Apr,Thursday,2017-04-01,2017-04-30
2017-04-21,2017,4,21,6,April,Apr,Friday,2017-04-01,2017-04-30
2017-04-22,2017,4,22,7,April,Apr,Saturday,2017-04-01,2017-04-30
2017-04-23,2017,4,23,1,April,Apr,Sunday,2017-04-01,2017-04-30
2017-04-24,2017,4,24,2,April,Apr,Monday,2017-04-01,2017-04-30
2017-04-25,2017,4,25,3,April,Apr,Tuesday,2017-04-01,2017-04-30
2017-04-26,2017,4,26,4,April,Apr,Wednesday,2017-04-01,2017-04-30
2017-04-27,2017,4,27,5,April,Apr,Thursday,2017-04-01,2017-04-30
2017-04-28,2017,4,28,6,April,Apr,Friday,2017-04-01,2017-04-30
2017-04-29,2017,4,29,7,April,Apr,Saturday,2017-04-01,2017-04-30
2017-04-30,2017,4,30,1,April,Apr,Sunday,2017-04-01,2017-04-30
2017-05-01,2017,5,1,2,May,May,Monday,2017-05-01,2017-05-30
2017-05-02,2017,5,2,3,May,May,Tuesday,2017-05-01,2017-05-30
2017-05-03,2017,5,3,4,May,May,Wednesday,2017-05-01,2017-05-30
2017-05-04,2017,5,4,5,May,May,Thursday,2017-05-01,2017-05-30
2017-05-05,2017,5,5,6,May,May,Friday,2017-05-01,2017-05-30
2017-05-06,2017,5,6,7,May,May,Saturday,2017-05-01,2017-05-30
2017-05-07,2017,5,7,1,May,May,Sunday,2017-05-01,2017-05-30
2017-05-08,2017,5,8,2,May,May,Monday,2017-05-01,2017-05-30
2017-05-09,2017,5,9,3,May,May,Tuesday,2017-05-01,2017-05-30
2017-05-10,2017,5,10,4,May,May,Wednesday,2017-05-01,2017-05-30
2017-05-11,2017,5,11,5,May,May,Thursday,2017-05-01,2017-05-30
2017-05-12,2017,5,12,6,May,May,Friday,2017-05-01,2017-05-30
2017-05-13,2017,5,13,7,May,May,Saturday,2017-05-01,2017-05-30
2017-05-14,2017,5,14,1,May,May,Sunday,2017-05-01,2017-05-30
2017-05-15,2017,5,15,2,May,May,Monday,2017-05-01,2017-05-30
2017-05-16,2017,5,16,3,May,May,Tuesday,2017-05-01,2017-05-30
2017-05-17,2017,5,17,4,May,May,Wednesday,2017-05-01,2017-05-30
2017-05-18,2017,5,18,5,May,May,Thursday,2017-05-01,2017-05-30
2017-05-19,2017,5,19,6,May,May,Friday,2017-05-01,2017-05-30
2017-05-20,2017,5,20,7,May,May,Saturday,2017-05-01,2017-05-30
2017-05-21,2017,5,21,1,May,May,Sunday,2017-05-01,2017-05-30
2017-05-22,2017,5,22,2,May,May,Monday,2017-05-01,2017-05-30
2017-05-23,2017,5,23,3,May,May,Tuesday,2017-05-01,2017-05-30
2017-05-24,2017,5,24,4,May,May,Wednesday,2017-05-01,2017-05-30
2017-05-25,2017,5,25,5,May,May,Thursday,2017-05-01,2017-05-30
2017-05-26,2017,5,26,6,May,May,Friday,2017-05-01,2017-05-30
2017-05-27,2017,5,27,7,May,May,Saturday,2017-05-01,2017-05-30
2017-05-28,2017,5,28,1,May,May,Sunday,2017-05-01,2017-05-30
2017-05-29,2017,5,29,2,May,May,Monday,2017-05-01,2017-05-30
2017-05-30,2017,5,30,3,May,May,Tuesday,2017-05-01,2017-05-30
2017-05-31,2017,5,31,4,May,May,Wednesday,2017-05-01,2017-05-30
2017-06-01,2017,6,1,5,June,Jun,Thursday,2017-06-01,2017-06-30
2017-06-02,2017,6,2,6,June,Jun,Friday,2017-06-01,2017-06-30
2017-06-03,2017,6,3,7,June,Jun,Saturday,2017-06-01,2017-06-30
2017-06-04,2017,6,4,1,June,Jun,Sunday,2017-06-01,2017-06-30
2017-06-05,2017,6,5,2,June,Jun,Monday,2017-06-01,2017-06-30
2017-06-06,2017,6,6,3,June,Jun,Tuesday,2017-06-01,2017-06-30
2017-06-07,2017,6,7,4,June,Jun,Wednesday,2017-06-01,2017-06-30
2017-06-08,2017,6,8,5,June,Jun,Thursday,2017-06-01,2017-06-30
2017-06-09,2017,6,9,6,June,Jun,Friday,2017-06-01,2017-06-30
2017-06-10,2017,6,10,7,June,Jun,Saturday,2017-06-01,2017-06-30
2017-06-11,2017,6,11,1,June,Jun,Sunday,2017-06-01,2017-06-30
2017-06-12,2017,6,12,2,June,Jun,Monday,2017-06-01,2017-06-30
2017-06-13,2017,6,13,3,June,Jun,Tuesday,2017-06-01,2017-06-30
2017-06-14,2017,6,14,4,June,Jun,Wednesday,2017-06-01,2017-06-30
2017-06-15,2017,6,15,5,June,Jun,Thursday,2017-06-01,2017-06-30
2017-06-16,2017,6,16,6,June,Jun,Friday,2017-06-01,2017-06-30
2017-06-17,2017,6,17,7,June,Jun,Saturday,2017-06-01,2017-06-30
2017-06-18,2017,6,18,1,June,Jun,Sunday,2017-06-01,2017-06-30
2017-06-19,2017,6,19,2,June,Jun,Monday,2017-06-01,2017-06-30
2017-06-20,2017,6,20,3,June,Jun,Tuesday,2017-06-01,2017-06-30
2017-06-21,2017,6,21,4,June,Jun,Wednesday,2017-06-01,2017-06-30
2017-06-22,2017,6,22,5,June,Jun,Thursday,2017-06-01,2017-06-30
2017-06-23,2017,6,23,6,June,Jun,Friday,2017-06-01,2017-06-30
2017-06-24,2017,6,24,7,June,Jun,Saturday,2017-06-01,2017-06-30
2017-06-25,2017,6,25,1,June,Jun,Sunday,2017-06-01,2017-06-30
2017-06-26,2017,6,26,2,June,Jun,Monday,2017-06-01,2017-06-30
2017-06-27,2017,6,27,3,June,Jun,Tuesday,2017-06-01,2017-06-30
2017-06-28,2017,6,28,4,June,Jun,Wednesday,2017-06-01,2017-06-30
2017-06-29,2017,6,29,5,June,Jun,Thursday,2017-06-01,2017-06-30
2017-06-30,2017,6,30,6,June,Jun,Friday,2017-06-01,2017-06-30
2017-07-01,2017,7,1,7,July,Jul,Saturday,2017-07-01,2017-07-30
2017-07-02,2017,7,2,1,July,Jul,Sunday,2017-07-01,2017-07-30
2017-07-03,2017,7,3,2,July,Jul,Monday,2017-07-01,2017-07-30
2017-07-04,2017,7,4,3,July,Jul,Tuesday,2017-07-01,2017-07-30
2017-07-05,2017,7,5,4,July,Jul,Wednesday,2017-07-01,2017-07-30
2017-07-06,2017,7,6,5,July,Jul,Thursday,2017-07-01,2017-07-30
2017-07-07,2017,7,7,6,July,Jul,Friday,2017-07-01,2017-07-30
2017-07-08,2017,7,8,7,July,Jul,Saturday,2017-07-01,2017-07-30
2017-07-09,2017,7,9,1,July,Jul,Sunday,2017-07-01,2017-07-30
2017-07-10,2017,7,10,2,July,Jul,Monday,2017-07-01,2017-07-30
2017-07-11,2017,7,11,3,July,Jul,Tuesday,2017-07-01,2017-07-30
2017-07-12,2017,7,12,4,July,Jul,Wednesday,2017-07-01,2017-07-30
2017-07-13,2017,7,13,5,July,Jul,Thursday,2017-07-01,2017-07-30
2017-07-14,2017,7,14,6,July,Jul,Friday,2017-07-01,2017-07-30
2017-07-15,2017,7,15,7,July,Jul,Saturday,2017-07-01,2017-07-30
2017-07-16,2017,7,16,1,July,Jul,Sunday,2017-07-01,2017-07-30
2017-07-17,2017,7,17,2,July,Jul,Monday,2017-07-01,2017-07-30
2017-07-18,2017,7,18,3,July,Jul,Tuesday,2017-07-01,2017-07-30
2017-07-19,2017,7,19,4,July,Jul,Wednesday,2017-07-01,2017-07-30
2017-07-20,2017,7,20,5,July,Jul,Thursday,2017-07-01,2017-07-30
2017-07-21,2017,7,21,6,July,Jul,Friday,2017-07-01,2017-07-30
2017-07-22,2017,7,22,7,July,Jul,Saturday,2017-07-01,2017-07-30
2017-07-23,2017,7,23,1,July,Jul,Sunday,2017-07-01,2017-07-30
2017-07-24,2017,7,24,2,July,Jul,Monday,2017-07-01,2017-07-30
2017-07-25,2017,7,25,3,July,Jul,Tuesday,2017-07-01,2017-07-30
2017-07-26,2017,7,26,4,July,Jul,Wednesday,2017-07-01,2017-07-30
2017-07-27,2017,7,27,5,July,Jul,Thursday,2017-07-01,2017-07-30
2017-07-28,2017,7,28,6,July,Jul,Friday,2017-07-01,2017-07-30
2017-07-29,2017,7,29,7,July,Jul,Saturday,2017-07-01,2017-07-30
2017-07-30,2017,7,30,1,July,Jul,Sunday,2017-07-01,2017-07-30
2017-07-31,2017,7,31,2,July,Jul,Monday,2017-07-01,2017-07-30
2017-08-01,2017,8,1,3,August,Aug,Tuesday,2017-08-01,2017-08-31
2017-08-02,2017,8,2,4,August,Aug,Wednesday,2017-08-01,2017-08-31
2017-08-03,2017,8,3,5,August,Aug,Thursday,2017-08-01,2017-08-31
2017-08-04,2017,8,4,6,August,Aug,Friday,2017-08-01,2017-08-31
2017-08-05,2017,8,5,7,August,Aug,Saturday,2017-08-01,2017-08-31
2017-08-06,2017,8,6,1,August,Aug,Sunday,2017-08-01,2017-08-31
2017-08-07,2017,8,7,2,August,Aug,Monday,2017-08-01,2017-08-31
2017-08-08,2017,8,8,3,August,Aug,Tuesday,2017-08-01,2017-08-31
2017-08-09,2017,8,9,4,August,Aug,Wednesday,2017-08-01,2017-08-31
2017-08-10,2017,8,10,5,August,Aug,Thursday,2017-08-01,2017-08-31
2017-08-11,2017,8,11,6,August,Aug,Friday,2017-08-01,2017-08-31
2017-08-12,2017,8,12,7,August,Aug,Saturday,2017-08-01,2017-08-31
2017-08-13,2017,8,13,1,August,Aug,Sunday,2017-08-01,2017-08-31
2017-08-14,2017,8,14,2,August,Aug,Monday,2017-08-01,2017-08-31
2017-08-15,2017,8,15,3,August,Aug,Tuesday,2017-08-01,2017-08-31
2017-08-16,2017,8,16,4,August,Aug,Wednesday,2017-08-01,2017-08-31
2017-08-17,2017,8,17,5,August,Aug,Thursday,2017-08-01,2017-08-31
2017-08-18,2017,8,18,6,August,Aug,Friday,2017-08-01,2017-08-31
2017-08-19,2017,8,19,7,August,Aug,Saturday,2017-08-01,2017-08-31
2017-08-20,2017,8,20,1,August,Aug,Sunday,2017-08-01,2017-08-31
2017-08-21,2017,8,21,2,August,Aug,Monday,2017-08-01,2017-08-31
2017-08-22,2017,8,22,3,August,Aug,Tuesday,2017-08-01,2017-08-31
2017-08-23,2017,8,23,4,August,Aug,Wednesday,2017-08-01,2017-08-31
2017-08-24,2017,8,24,5,August,Aug,Thursday,2017-08-01,2017-08-31
2017-08-25,2017,8,25,6,August,Aug,Friday,2017-08-01,2017-08-31
2017-08-26,2017,8,26,7,August,Aug,Saturday,2017-08-01,2017-08-31
2017-08-27,2017,8,27,1,August,Aug,Sunday,2017-08-01,2017-08-31
2017-08-28,2017,8,28,2,August,Aug,Monday,2017-08-01,2017-08-31
2017-08-29,2017,8,29,3,August,Aug,Tuesday,2017-08-01,2017-08-31
2017-08-30,2017,8,30,4,August,Aug,Wednesday,2017-08-01,2017-08-31
2017-08-31,2017,8,31,5,August,Aug,Thursday,2017-08-01,2017-08-31
2017-09-01,2017,9,1,6,September,Sep,Friday,2017-09-01,2017-09-30
2017-09-02,2017,9,2,7,September,Sep,Saturday,2017-09-01,2017-09-30
2017-09-03,2017,9,3,1,September,Sep,Sunday,2017-09-01,2017-09-30
2017-09-04,2017,9,4,2,September,Sep,Monday,2017-09-01,2017-09-30
2017-09-05,2017,9,5,3,September,Sep,Tuesday,2017-09-01,2017-09-30
2017-09-06,2017,9,6,4,September,Sep,Wednesday,2017-09-01,2017-09-30
2017-09-07,2017,9,7,5,September,Sep,Thursday,2017-09-01,2017-09-30
2017-09-08,2017,9,8,6,September,Sep,Friday,2017-09-01,2017-09-30
2017-09-09,2017,9,9,7,September,Sep,Saturday,2017-09-01,2017-09-30
2017-09-10,2017,9,10,1,September,Sep,Sunday,2017-09-01,2017-09-30
2017-09-11,2017,9,11,2,September,Sep,Monday,2017-09-01,2017-09-30
2017-09-12,2017,9,12,3,September,Sep,Tuesday,2017-09-01,2017-09-30
2017-09-13,2017,9,13,4,September,Sep,Wednesday,2017-09-01,2017-09-30
2017-09-14,2017,9,14,5,September,Sep,Thursday,2017-09-01,2017-09-30
2017-09-15,2017,9,15,6,September,Sep,Friday,2017-09-01,2017-09-30
2017-09-16,2017,9,16,7,September,Sep,Saturday,2017-09-01,2017-09-30
2017-09-17,2017,9,17,1,September,Sep,Sunday,2017-09-01,2017-09-30
2017-09-18,2017,9,18,2,September,Sep,Monday,2017-09-01,2017-09-30
2017-09-19,2017,9,19,3,September,Sep,Tuesday,2017-09-01,2017-09-30
2017-09-20,2017,9,20,4,September,Sep,Wednesday,2017-09-01,2017-09-30
2017-09-21,2017,9,21,5,September,Sep,Thursday,2017-09-01,2017-09-30
2017-09-22,2017,9,22,6,September,Sep,Friday,2017-09-01,2017-09-30
2017-09-23,2017,9,23,7,September,Sep,Saturday,2017-09-01,2017-09-30
2017-09-24,2017,9,24,1,September,Sep,Sunday,2017-09-01,2017-09-30
2017-09-25,2017,9,25,2,September,Sep,Monday,2017-09-01,2017-09-30
2017-09-26,2017,9,26,3,September,Sep,Tuesday,2017-09-01,2017-09-30
2017-09-27,2017,9,27,4,September,Sep,Wednesday,2017-09-01,2017-09-30
2017-09-28,2017,9,28,5,September,Sep,Thursday,2017-09-01,2017-09-30
2017-09-29,2017,9,29,6,September,Sep,Friday,2017-09-01,2017-09-30
2017-09-30,2017,9,30,7,September,Sep,Saturday,2017-09-01,2017-09-30
2017-10-01,2017,10,1,1,October,Oct,Sunday,2017-10-01,2017-10-30
2017-10-02,2017,10,2,2,October,Oct,Monday,2017-10-01,2017-10-30
2017-10-03,2017,10,3,3,October,Oct,Tuesday,2017-10-01,2017-10-30
2017-10-04,2017,10,4,4,October,Oct,Wednesday,2017-10-01,2017-10-30
2017-10-05,2017,10,5,5,October,Oct,Thursday,2017-10-01,2017-10-30
2017-10-06,2017,10,6,6,October,Oct,Friday,2017-10-01,2017-10-30
2017-10-07,2017,10,7,7,October,Oct,Saturday,2017-10-01,2017-10-30
2017-10-08,2017,10,8,1,October,Oct,Sunday,2017-10-01,2017-10-30
2017-10-09,2017,10,9,2,October,Oct,Monday,2017-10-01,2017-10-30
2017-10-10,2017,10,10,3,October,Oct,Tuesday,2017-10-01,2017-10-30
2017-10-11,2017,10,11,4,October,Oct,Wednesday,2017-10-01,2017-10-30
2017-10-12,2017,10,12,5,October,Oct,Thursday,2017-10-01,2017-10-30
2017-10-13,2017,10,13,6,October,Oct,Friday,2017-10-01,2017-10-30
2017-10-14,2017,10,14,7,October,Oct,Saturday,2017-10-01,2017-10-30
2017-10-15,2017,10,15,1,October,Oct,Sunday,2017-10-01,2017-10-30
2017-10-16,2017,10,16,2,October,Oct,Monday,2017-10-01,2017-10-30
2017-10-17,2017,10,17,3,October,Oct,Tuesday,2017-10-01,2017-10-30
2017-10-18,2017,10,18,4,October,Oct,Wednesday,2017-10-01,2017-10-30
2017-10-19,2017,10,19,5,October,Oct,Thursday,2017-10-01,2017-10-30
2017-10-20,2017,10,20,6,October,Oct,Friday,2017-10-01,2017-10-30
2017-10-21,2017,10,21,7,October,Oct,Saturday,2017-10-01,2017-10-30
2017-10-22,2017,10,22,1,October,Oct,Sunday,2017-10-01,2017-10-30
2017-10-23,2017,10,23,2,October,Oct,Monday,2017-10-01,2017-10-30
2017-10-24,2017,10,24,3,October,Oct,Tuesday,2017-10-01,2017-10-30
2017-10-25,2017,10,25,4,October,Oct,Wednesday,2017-10-01,2017-10-30
2017-10-26,2017,10,26,5,October,Oct,Thursday,2017-10-01,2017-10-30
2017-10-27,2017,10,27,6,October,Oct,Friday,2017-10-01,2017-10-30
2017-10-28,2017,10,28,7,October,Oct,Saturday,2017-10-01,2017-10-30
2017-10-29,2017,10,29,1,October,Oct,Sunday,2017-10-01,2017-10-30
2017-10-30,2017,10,30,2,October,Oct,Monday,2017-10-01,2017-10-30
2017-10-31,2017,10,31,3,October,Oct,Tuesday,2017-10-01,2017-10-30
2017-11-01,2017,11,1,4,November,Nov,Wednesday,2017-11-01,2017-11-30
2017-11-02,2017,11,2,5,November,Nov,Thursday,2017-11-01,2017-11-30
2017-11-03,2017,11,3,6,November,Nov,Friday,2017-11-01,2017-11-30
2017-11-04,2017,11,4,7,November,Nov,Saturday,2017-11-01,2017-11-30
2017-11-05,2017,11,5,1,November,Nov,Sunday,2017-11-01,2017-11-30
2017-11-06,2017,11,6,2,November,Nov,Monday,2017-11-01,2017-11-30
2017-11-07,2017,11,7,3,November,Nov,Tuesday,2017-11-01,2017-11-30
2017-11-08,2017,11,8,4,November,Nov,Wednesday,2017-11-01,2017-11-30
2017-11-09,2017,11,9,5,November,Nov,Thursday,2017-11-01,2017-11-30
2017-11-10,2017,11,10,6,November,Nov,Friday,2017-11-01,2017-11-30
2017-11-11,2017,11,11,7,November,Nov,Saturday,2017-11-01,2017-11-30
2017-11-12,2017,11,12,1,November,Nov,Sunday,2017-11-01,2017-11-30
2017-11-13,2017,11,13,2,November,Nov,Monday,2017-11-01,2017-11-30
2017-11-14,2017,11,14,3,November,Nov,Tuesday,2017-11-01,2017-11-30
2017-11-15,2017,11,15,4,November,Nov,Wednesday,2017-11-01,2017-11-30
2017-11-16,2017,11,16,5,November,Nov,Thursday,2017-11-01,2017-11-30
2017-11-17,2017,11,17,6,November,Nov,Friday,2017-11-01,2017-11-30
2017-11-18,2017,11,18,7,November,Nov,Saturday,2017-11-01,2017-11-30
2017-11-19,2017,11,19,1,November,Nov,Sunday,2017-11-01,2017-11-30
2017-11-20,2017,11,20,2,November,Nov,Monday,2017-11-01,2017-11-30
2017-11-21,2017,11,21,3,November,Nov,Tuesday,2017-11-01,2017-11-30
2017-11-22,2017,11,22,4,November,Nov,Wednesday,2017-11-01,2017-11-30
2017-11-23,2017,11,23,5,November,Nov,Thursday,2017-11-01,2017-11-30
2017-11-24,2017,11,24,6,November,Nov,Friday,2017-11-01,2017-11-30
2017-11-25,2017,11,25,7,November,Nov,Saturday,2017-11-01,2017-11-30
2017-11-26,2017,11,26,1,November,Nov,Sunday,2017-11-01,2017-11-30
2017-11-27,2017,11,27,2,November,Nov,Monday,2017-11-01,2017-11-30
2017-11-28,2017,11,28,3,November,Nov,Tuesday,2017-11-01,2017-11-30
2017-11-29,2017,11,29,4,November,Nov,Wednesday,2017-11-01,2017-11-30
2017-11-30,2017,11,30,5,November,Nov,Thursday,2017-11-01,2017-11-30
2017-12-01,2017,12,1,6,December,Dec,Friday,2017-12-01,2017-12-30
2017-12-02,2017,12,2,7,December,Dec,Saturday,2017-12-01,2017-12-30
2017-12-03,2017,12,3,1,December,Dec,Sunday,2017-12-01,2017-12-30
2017-12-04,2017,12,4,2,December,Dec,Monday,2017-12-01,2017-12-30
2017-12-05,2017,12,5,3,December,Dec,Tuesday,2017-12-01,2017-12-30
2017-12-06,2017,12,6,4,December,Dec,Wednesday,2017-12-01,2017-12-30
2017-12-07,2017,12,7,5,December,Dec,Thursday,2017-12-01,2017-12-30
2017-12-08,2017,12,8,6,December,Dec,Friday,2017-12-01,2017-12-30
2017-12-09,2017,12,9,7,December,Dec,Saturday,2017-12-01,2017-12-30
2017-12-10,2017,12,10,1,December,Dec,Sunday,2017-12-01,2017-12-30
2017-12-11,2017,12,11,2,December,Dec,Monday,2017-12-01,2017-12-30
2017-12-12,2017,12,12,3,December,Dec,Tuesday,2017-12-01,2017-12-30
2017-12-13,2017,12,13,4,December,Dec,Wednesday,2017-12-01,2017-12-30
2017-12-14,2017,12,14,5,December,Dec,Thursday,2017-12-01,2017-12-30
2017-12-15,2017,12,15,6,December,Dec,Friday,2017-12-01,2017-12-30
2017-12-16,2017,12,16,7,December,Dec,Saturday,2017-12-01,2017-12-30
2017-12-17,2017,12,17,1,December,Dec,Sunday,2017-12-01,2017-12-30
2017-12-18,2017,12,18,2,December,Dec,Monday,2017-12-01,2017-12-30
2017-12-19,2017,12,19,3,December,Dec,Tuesday,2017-12-01,2017-12-30
2017-12-20,2017,12,20,4,December,Dec,Wednesday,2017-12-01,2017-12-30
2017-12-21,2017,12,21,5,December,Dec,Thursday,2017-12-01,2017-12-30
2017-12-22,2017,12,22,6,December,Dec,Friday,2017-12-01,2017-12-30
2017-12-23,2017,12,23,7,December,Dec,Saturday,2017-12-01,2017-12-30
2017-12-24,2017,12,24,1,December,Dec,Sunday,2017-12-01,2017-12-30
2017-12-25,2017,12,25,2,December,Dec,Monday,2017-12-01,2017-12-30
2017-12-26,2017,12,26,3,December,Dec,Tuesday,2017-12-01,2017-12-30
2017-12-27,2017,12,27,4,December,Dec,Wednesday,2017-12-01,2017-12-30
2017-12-28,2017,12,28,5,December,Dec,Thursday,2017-12-01,2017-12-30
2017-12-29,2017,12,29,6,December,Dec,Friday,2017-12-01,2017-12-30
2017-12-30,2017,12,30,7,December,Dec,Saturday,2017-12-01,2017-12-30
2017-12-31,2017,12,31,1,December,Dec,Sunday,2017-12-01,2017-12-30
2018-01-01,2018,1,1,2,January,Jan,Monday,2018-01-01,2018-01-31
2018-01-02,2018,1,2,3,January,Jan,Tuesday,2018-01-01,2018-01-31
2018-01-03,2018,1,3,4,January,Jan,Wednesday,2018-01-01,2018-01-31
2018-01-04,2018,1,4,5,January,Jan,Thursday,2018-01-01,2018-01-31
2018-01-05,2018,1,5,6,January,Jan,Friday,2018-01-01,2018-01-31
2018-01-06,2018,1,6,7,January,Jan,Saturday,2018-01-01,2018-01-31
2018-01-07,2018,1,7,1,January,Jan,Sunday,2018-01-01,2018-01-31
2018-01-08,2018,1,8,2,January,Jan,Monday,2018-01-01,2018-01-31
2018-01-09,2018,1,9,3,January,Jan,Tuesday,2018-01-01,2018-01-31
2018-01-10,2018,1,10,4,January,Jan,Wednesday,2018-01-01,2018-01-31
2018-01-11,2018,1,11,5,January,Jan,Thursday,2018-01-01,2018-01-31
2018-01-12,2018,1,12,6,January,Jan,Friday,2018-01-01,2018-01-31
2018-01-13,2018,1,13,7,January,Jan,Saturday,2018-01-01,2018-01-31
2018-01-14,2018,1,14,1,January,Jan,Sunday,2018-01-01,2018-01-31
2018-01-15,2018,1,15,2,January,Jan,Monday,2018-01-01,2018-01-31
2018-01-16,2018,1,16,3,January,Jan,Tuesday,2018-01-01,2018-01-31
2018-01-17,2018,1,17,4,January,Jan,Wednesday,2018-01-01,2018-01-31
2018-01-18,2018,1,18,5,January,Jan,Thursday,2018-01-01,2018-01-31
2018-01-19,2018,1,19,6,January,Jan,Friday,2018-01-01,2018-01-31
2018-01-20,2018,1,20,7,January,Jan,Saturday,2018-01-01,2018-01-31
2018-01-21,2018,1,21,1,January,Jan,Sunday,2018-01-01,2018-01-31
2018-01-22,2018,1,22,2,January,Jan,Monday,2018-01-01,2018-01-31
2018-01-23,2018,1,23,3,January,Jan,Tuesday,2018-01-01,2018-01-31
2018-01-24,2018,1,24,4,January,Jan,Wednesday,2018-01-01,2018-01-31
2018-01-25,2018,1,25,5,January,Jan,Thursday,2018-01-01,2018-01-31
2018-01-26,2018,1,26,6,January,Jan,Friday,2018-01-01,2018-01-31
2018-01-27,2018,1,27,7,January,Jan,Saturday,2018-01-01,2018-01-31
2018-01-28,2018,1,28,1,January,Jan,Sunday,2018-01-01,2018-01-31
2018-01-29,2018,1,29,2,January,Jan,Monday,2018-01-01,2018-01-31
2018-01-30,2018,1,30,3,January,Jan,Tuesday,2018-01-01,2018-01-31
2018-01-31,2018,1,31,4,January,Jan,Wednesday,2018-01-01,2018-01-31
2018-02-01,2018,2,1,5,February,Feb,Thursday,2018-02-01,2018-02-28
2018-02-02,2018,2,2,6,February,Feb,Friday,2018-02-01,2018-02-28
2018-02-03,2018,2,3,7,February,Feb,Saturday,2018-02-01,2018-02-28
2018-02-04,2018,2,4,1,February,Feb,Sunday,2018-02-01,2018-02-28
2018-02-05,2018,2,5,2,February,Feb,Monday,2018-02-01,2018-02-28
2018-02-06,2018,2,6,3,February,Feb,Tuesday,2018-02-01,2018-02-28
2018-02-07,2018,2,7,4,February,Feb,Wednesday,2018-02-01,2018-02-28
2018-02-08,2018,2,8,5,February,Feb,Thursday,2018-02-01,2018-02-28
2018-02-09,2018,2,9,6,February,Feb,Friday,2018-02-01,2018-02-28
2018-02-10,2018,2,10,7,February,Feb,Saturday,2018-02-01,2018-02-28
2018-02-11,2018,2,11,1,February,Feb,Sunday,2018-02-01,2018-02-28
2018-02-12,2018,2,12,2,February,Feb,Monday,2018-02-01,2018-02-28
2018-02-13,2018,2,13,3,February,Feb,Tuesday,2018-02-01,2018-02-28
2018-02-14,2018,2,14,4,February,Feb,Wednesday,2018-02-01,2018-02-28
2018-02-15,2018,2,15,5,February,Feb,Thursday,2018-02-01,2018-02-28
2018-02-16,2018,2,16,6,February,Feb,Friday,2018-02-01,2018-02-28
2018-02-17,2018,2,17,7,February,Feb,Saturday,2018-02-01,2018-02-28
2018-02-18,2018,2,18,1,February,Feb,Sunday,2018-02-01,2018-02-28
2018-02-19,2018,2,19,2,February,Feb,Monday,2018-02-01,2018-02-28
2018-02-20,2018,2,20,3,February,Feb,Tuesday,2018-02-01,2018-02-28
2018-02-21,2018,2,21,4,February,Feb,Wednesday,2018-02-01,2018-02-28
2018-02-22,2018,2,22,5,February,Feb,Thursday,2018-02-01,2018-02-28
2018-02-23,2018,2,23,6,February,Feb,Friday,2018-02-01,2018-02-28
2018-02-24,2018,2,24,7,February,Feb,Saturday,2018-02-01,2018-02-28
2018-02-25,2018,2,25,1,February,Feb,Sunday,2018-02-01,2018-02-28
2018-02-26,2018,2,26,2,February,Feb,Monday,2018-02-01,2018-02-28
2018-02-27,2018,2,27,3,February,Feb,Tuesday,2018-02-01,2018-02-28
2018-02-28,2018,2,28,4,February,Feb,Wednesday,2018-02-01,2018-02-28
2018-03-01,2018,3,1,5,March,Mar,Thursday,2018-03-01,2018-03-28
2018-03-02,2018,3,2,6,March,Mar,Friday,2018-03-01,2018-03-28
2018-03-03,2018,3,3,7,March,Mar,Saturday,2018-03-01,2018-03-28
2018-03-04,2018,3,4,1,March,Mar,Sunday,2018-03-01,2018-03-28
2018-03-05,2018,3,5,2,March,Mar,Monday,2018-03-01,2018-03-28
2018-03-06,2018,3,6,3,March,Mar,Tuesday,2018-03-01,2018-03-28
2018-03-07,2018,3,7,4,March,Mar,Wednesday,2018-03-01,2018-03-28
2018-03-08,2018,3,8,5,March,Mar,Thursday,2018-03-01,2018-03-28
2018-03-09,2018,3,9,6,March,Mar,Friday,2018-03-01,2018-03-28
2018-03-10,2018,3,10,7,March,Mar,Saturday,2018-03-01,2018-03-28
2018-03-11,2018,3,11,1,March,Mar,Sunday,2018-03-01,2018-03-28
2018-03-12,2018,3,12,2,March,Mar,Monday,2018-03-01,2018-03-28
2018-03-13,2018,3,13,3,March,Mar,Tuesday,2018-03-01,2018-03-28
2018-03-14,2018,3,14,4,March,Mar,Wednesday,2018-03-01,2018-03-28
2018-03-15,2018,3,15,5,March,Mar,Thursday,2018-03-01,2018-03-28
2018-03-16,2018,3,16,6,March,Mar,Friday,2018-03-01,2018-03-28
2018-03-17,2018,3,17,7,March,Mar,Saturday,2018-03-01,2018-03-28
2018-03-18,2018,3,18,1,March,Mar,Sunday,2018-03-01,2018-03-28
2018-03-19,2018,3,19,2,March,Mar,Monday,2018-03-01,2018-03-28
2018-03-20,2018,3,20,3,March,Mar,Tuesday,2018-03-01,2018-03-28
2018-03-21,2018,3,21,4,March,Mar,Wednesday,2018-03-01,2018-03-28
2018-03-22,2018,3,22,5,March,Mar,Thursday,2018-03-01,2018-03-28
2018-03-23,2018,3,23,6,March,Mar,Friday,2018-03-01,2018-03-28
2018-03-24,2018,3,24,7,March,Mar,Saturday,2018-03-01,2018-03-28
2018-03-25,2018,3,25,1,March,Mar,Sunday,2018-03-01,2018-03-28
2018-03-26,2018,3,26,2,March,Mar,Monday,2018-03-01,2018-03-28
2018-03-27,2018,3,27,3,March,Mar,Tuesday,2018-03-01,2018-03-28
2018-03-28,2018,3,28,4,March,Mar,Wednesday,2018-03-01,2018-03-28
2018-03-29,2018,3,29,5,March,Mar,Thursday,2018-03-01,2018-03-28
2018-03-30,2018,3,30,6,March,Mar,Friday,2018-03-01,2018-03-28
2018-03-31,2018,3,31,7,March,Mar,Saturday,2018-03-01,2018-03-28
2018-04-01,2018,4,1,1,April,Apr,Sunday,2018-04-01,2018-04-30
2018-04-02,2018,4,2,2,April,Apr,Monday,2018-04-01,2018-04-30
2018-04-03,2018,4,3,3,April,Apr,Tuesday,2018-04-01,2018-04-30
2018-04-04,2018,4,4,4,April,Apr,Wednesday,2018-04-01,2018-04-30
2018-04-05,2018,4,5,5,April,Apr,Thursday,2018-04-01,2018-04-30
2018-04-06,2018,4,6,6,April,Apr,Friday,2018-04-01,2018-04-30
2018-04-07,2018,4,7,7,April,Apr,Saturday,2018-04-01,2018-04-30
2018-04-08,2018,4,8,1,April,Apr,Sunday,2018-04-01,2018-04-30
2018-04-09,2018,4,9,2,April,Apr,Monday,2018-04-01,2018-04-30
2018-04-10,2018,4,10,3,April,Apr,Tuesday,2018-04-01,2018-04-30
2018-04-11,2018,4,11,4,April,Apr,Wednesday,2018-04-01,2018-04-30
2018-04-12,2018,4,12,5,April,Apr,Thursday,2018-04-01,2018-04-30
2018-04-13,2018,4,13,6,April,Apr,Friday,2018-04-01,2018-04-30
2018-04-14,2018,4,14,7,April,Apr,Saturday,2018-04-01,2018-04-30
2018-04-15,2018,4,15,1,April,Apr,Sunday,2018-04-01,2018-04-30
2018-04-16,2018,4,16,2,April,Apr,Monday,2018-04-01,2018-04-30
2018-04-17,2018,4,17,3,April,Apr,Tuesday,2018-04-01,2018-04-30
2018-04-18,2018,4,18,4,April,Apr,Wednesday,2018-04-01,2018-04-30
2018-04-19,2018,4,19,5,April,Apr,Thursday,2018-04-01,2018-04-30
2018-04-20,2018,4,20,6,April,Apr,Friday,2018-04-01,2018-04-30
2018-04-21,2018,4,21,7,April,Apr,Saturday,2018-04-01,2018-04-30
2018-04-22,2018,4,22,1,April,Apr,Sunday,2018-04-01,2018-04-30
2018-04-23,2018,4,23,2,April,Apr,Monday,2018-04-01,2018-04-30
2018-04-24,2018,4,24,3,April,Apr,Tuesday,2018-04-01,2018-04-30
2018-04-25,2018,4,25,4,April,Apr,Wednesday,2018-04-01,2018-04-30
2018-04-26,2018,4,26,5,April,Apr,Thursday,2018-04-01,2018-04-30
2018-04-27,2018,4,27,6,April,Apr,Friday,2018-04-01,2018-04-30
2018-04-28,2018,4,28,7,April,Apr,Saturday,2018-04-01,2018-04-30
2018-04-29,2018,4,29,1,April,Apr,Sunday,2018-04-01,2018-04-30
2018-04-30,2018,4,30,2,April,Apr,Monday,2018-04-01,2018-04-30
2018-05-01,2018,5,1,3,May,May,Tuesday,2018-05-01,2018-05-30
2018-05-02,2018,5,2,4,May,May,Wednesday,2018-05-01,2018-05-30
2018-05-03,2018,5,3,5,May,May,Thursday,2018-05-01,2018-05-30
2018-05-04,2018,5,4,6,May,May,Friday,2018-05-01,2018-05-30
2018-05-05,2018,5,5,7,May,May,Saturday,2018-05-01,2018-05-30
2018-05-06,2018,5,6,1,May,May,Sunday,2018-05-01,2018-05-30
2018-05-07,2018,5,7,2,May,May,Monday,2018-05-01,2018-05-30
2018-05-08,2018,5,8,3,May,May,Tuesday,2018-05-01,2018-05-30
2018-05-09,2018,5,9,4,May,May,Wednesday,2018-05-01,2018-05-30
2018-05-10,2018,5,10,5,May,May,Thursday,2018-05-01,2018-05-30
2018-05-11,2018,5,11,6,May,May,Friday,2018-05-01,2018-05-30
2018-05-12,2018,5,12,7,May,May,Saturday,2018-05-01,2018-05-30
2018-05-13,2018,5,13,1,May,May,Sunday,2018-05-01,2018-05-30
2018-05-14,2018,5,14,2,May,May,Monday,2018-05-01,2018-05-30
2018-05-15,2018,5,15,3,May,May,Tuesday,2018-05-01,2018-05-30
2018-05-16,2018,5,16,4,May,May,Wednesday,2018-05-01,2018-05-30
2018-05-17,2018,5,17,5,May,May,Thursday,2018-05-01,2018-05-30
2018-05-18,2018,5,18,6,May,May,Friday,2018-05-01,2018-05-30
2018-05-19,2018,5,19,7,May,May,Saturday,2018-05-01,2018-05-30
2018-05-20,2018,5,20,1,May,May,Sunday,2018-05-01,2018-05-30
2018-05-21,2018,5,21,2,May,May,Monday,2018-05-01,2018-05-30
2018-05-22,2018,5,22,3,May,May,Tuesday,2018-05-01,2018-05-30
2018-05-23,2018,5,23,4,May,May,Wednesday,2018-05-01,2018-05-30
2018-05-24,2018,5,24,5,May,May,Thursday,2018-05-01,2018-05-30
2018-05-25,2018,5,25,6,May,May,Friday,2018-05-01,2018-05-30
2018-05-26,2018,5,26,7,May,May,Saturday,2018-05-01,2018-05-30
2018-05-27,2018,5,27,1,May,May,Sunday,2018-05-01,2018-05-30
2018-05-28,2018,5,28,2,May,May,Monday,2018-05-01,2018-05-30
2018-05-29,2018,5,29,3,May,May,Tuesday,2018-05-01,2018-05-30
2018-05-30,2018,5,30,4,May,May,Wednesday,2018-05-01,2018-05-30
2018-05-31,2018,5,31,5,May,May,Thursday,2018-05-01,2018-05-30
2018-06-01,2018,6,1,6,June,Jun,Friday,2018-06-01,2018-06-30
2018-06-02,2018,6,2,7,June,Jun,Saturday,2018-06-01,2018-06-30
2018-06-03,2018,6,3,1,June,Jun,Sunday,2018-06-01,2018-06-30
2018-06-04,2018,6,4,2,June,Jun,Monday,2018-06-01,2018-06-30
2018-06-05,2018,6,5,3,June,Jun,Tuesday,2018-06-01,2018-06-30
2018-06-06,2018,6,6,4,June,Jun,Wednesday,2018-06-01,2018-06-30
2018-06-07,2018,6,7,5,June,Jun,Thursday,2018-06-01,2018-06-30
2018-06-08,2018,6,8,6,June,Jun,Friday,2018-06-01,2018-06-30
2018-06-09,2018,6,9,7,June,Jun,Saturday,2018-06-01,2018-06-30
2018-06-10,2018,6,10,1,June,Jun,Sunday,2018-06-01,2018-06-30
2018-06-11,2018,6,11,2,June,Jun,Monday,2018-06-01,2018-06-30
2018-06-12,2018,6,12,3,June,Jun,Tuesday,2018-06-01,2018-06-30
2018-06-13,2018,6,13,4,June,Jun,Wednesday,2018-06-01,2018-06-30
2018-06-14,2018,6,14,5,June,Jun,Thursday,2018-06-01,2018-06-30
2018-06-15,2018,6,15,6,June,Jun,Friday,2018-06-01,2018-06-30
2018-06-16,2018,6,16,7,June,Jun,Saturday,2018-06-01,2018-06-30
2018-06-17,2018,6,17,1,June,Jun,Sunday,2018-06-01,2018-06-30
2018-06-18,2018,6,18,2,June,Jun,Monday,2018-06-01,2018-06-30
2018-06-19,2018,6,19,3,June,Jun,Tuesday,2018-06-01,2018-06-30
2018-06-20,2018,6,20,4,June,Jun,Wednesday,2018-06-01,2018-06-30
2018-06-21,2018,6,21,5,June,Jun,Thursday,2018-06-01,2018-06-30
2018-06-22,2018,6,22,6,June,Jun,Friday,2018-06-01,2018-06-30
2018-06-23,2018,6,23,7,June,Jun,Saturday,2018-06-01,2018-06-30
2018-06-24,2018,6,24,1,June,Jun,Sunday,2018-06-01,2018-06-30
2018-06-25,2018,6,25,2,June,Jun,Monday,2018-06-01,2018-06-30
2018-06-26,2018,6,26,3,June,Jun,Tuesday,2018-06-01,2018-06-30
2018-06-27,2018,6,27,4,June,Jun,Wednesday,2018-06-01,2018-06-30
2018-06-28,2018,6,28,5,June,Jun,Thursday,2018-06-01,2018-06-30
2018-06-29,2018,6,29,6,June,Jun,Friday,2018-06-01,2018-06-30
2018-06-30,2018,6,30,7,June,Jun,Saturday,2018-06-01,2018-06-30
2018-07-01,2018,7,1,1,July,Jul,Sunday,2018-07-01,2018-07-30
2018-07-02,2018,7,2,2,July,Jul,Monday,2018-07-01,2018-07-30
2018-07-03,2018,7,3,3,July,Jul,Tuesday,2018-07-01,2018-07-30
2018-07-04,2018,7,4,4,July,Jul,Wednesday,2018-07-01,2018-07-30
2018-07-05,2018,7,5,5,July,Jul,Thursday,2018-07-01,2018-07-30
2018-07-06,2018,7,6,6,July,Jul,Friday,2018-07-01,2018-07-30
2018-07-07,2018,7,7,7,July,Jul,Saturday,2018-07-01,2018-07-30
2018-07-08,2018,7,8,1,July,Jul,Sunday,2018-07-01,2018-07-30
2018-07-09,2018,7,9,2,July,Jul,Monday,2018-07-01,2018-07-30
2018-07-10,2018,7,10,3,July,Jul,Tuesday,2018-07-01,2018-07-30
2018-07-11,2018,7,11,4,July,Jul,Wednesday,2018-07-01,2018-07-30
2018-07-12,2018,7,12,5,July,Jul,Thursday,2018-07-01,2018-07-30
2018-07-13,2018,7,13,6,July,Jul,Friday,2018-07-01,2018-07-30
2018-07-14,2018,7,14,7,July,Jul,Saturday,2018-07-01,2018-07-30
2018-07-15,2018,7,15,1,July,Jul,Sunday,2018-07-01,2018-07-30
2018-07-16,2018,7,16,2,July,Jul,Monday,2018-07-01,2018-07-30
2018-07-17,2018,7,17,3,July,Jul,Tuesday,2018-07-01,2018-07-30
2018-07-18,2018,7,18,4,July,Jul,Wednesday,2018-07-01,2018-07-30
2018-07-19,2018,7,19,5,July,Jul,Thursday,2018-07-01,2018-07-30
2018-07-20,2018,7,20,6,July,Jul,Friday,2018-07-01,2018-07-30
2018-07-21,2018,7,21,7,July,Jul,Saturday,2018-07-01,2018-07-30
2018-07-22,2018,7,22,1,July,Jul,Sunday,2018-07-01,2018-07-30
2018-07-23,2018,7,23,2,July,Jul,Monday,2018-07-01,2018-07-30
2018-07-24,2018,7,24,3,July,Jul,Tuesday,2018-07-01,2018-07-30
2018-07-25,2018,7,25,4,July,Jul,Wednesday,2018-07-01,2018-07-30
2018-07-26,2018,7,26,5,July,Jul,Thursday,2018-07-01,2018-07-30
2018-07-27,2018,7,27,6,July,Jul,Friday,2018-07-01,2018-07-30
2018-07-28,2018,7,28,7,July,Jul,Saturday,2018-07-01,2018-07-30
2018-07-29,2018,7,29,1,July,Jul,Sunday,2018-07-01,2018-07-30
2018-07-30,2018,7,30,2,July,Jul,Monday,2018-07-01,2018-07-30
2018-07-31,2018,7,31,3,July,Jul,Tuesday,2018-07-01,2018-07-30
2018-08-01,2018,8,1,4,August,Aug,Wednesday,2018-08-01,2018-08-31
2018-08-02,2018,8,2,5,August,Aug,Thursday,2018-08-01,2018-08-31
2018-08-03,2018,8,3,6,August,Aug,Friday,2018-08-01,2018-08-31
2018-08-04,2018,8,4,7,August,Aug,Saturday,2018-08-01,2018-08-31
2018-08-05,2018,8,5,1,August,Aug,Sunday,2018-08-01,2018-08-31
2018-08-06,2018,8,6,2,August,Aug,Monday,2018-08-01,2018-08-31
2018-08-07,2018,8,7,3,August,Aug,Tuesday,2018-08-01,2018-08-31
2018-08-08,2018,8,8,4,August,Aug,Wednesday,2018-08-01,2018-08-31
2018-08-09,2018,8,9,5,August,Aug,Thursday,2018-08-01,2018-08-31
2018-08-10,2018,8,10,6,August,Aug,Friday,2018-08-01,2018-08-31
2018-08-11,2018,8,11,7,August,Aug,Saturday,2018-08-01,2018-08-31
2018-08-12,2018,8,12,1,August,Aug,Sunday,2018-08-01,2018-08-31
2018-08-13,2018,8,13,2,August,Aug,Monday,2018-08-01,2018-08-31
2018-08-14,2018,8,14,3,August,Aug,Tuesday,2018-08-01,2018-08-31
2018-08-15,2018,8,15,4,August,Aug,Wednesday,2018-08-01,2018-08-31
2018-08-16,2018,8,16,5,August,Aug,Thursday,2018-08-01,2018-08-31
2018-08-17,2018,8,17,6,August,Aug,Friday,2018-08-01,2018-08-31
2018-08-18,2018,8,18,7,August,Aug,Saturday,2018-08-01,2018-08-31
2018-08-19,2018,8,19,1,August,Aug,Sunday,2018-08-01,2018-08-31
2018-08-20,2018,8,20,2,August,Aug,Monday,2018-08-01,2018-08-31
2018-08-21,2018,8,21,3,August,Aug,Tuesday,2018-08-01,2018-08-31
2018-08-22,2018,8,22,4,August,Aug,Wednesday,2018-08-01,2018-08-31
2018-08-23,2018,8,23,5,August,Aug,Thursday,2018-08-01,2018-08-31
2018-08-24,2018,8,24,6,August,Aug,Friday,2018-08-01,2018-08-31
2018-08-25,2018,8,25,7,August,Aug,Saturday,2018-08-01,2018-08-31
2018-08-26,2018,8,26,1,August,Aug,Sunday,2018-08-01,2018-08-31
2018-08-27,2018,8,27,2,August,Aug,Monday,2018-08-01,2018-08-31
2018-08-28,2018,8,28,3,August,Aug,Tuesday,2018-08-01,2018-08-31
2018-08-29,2018,8,29,4,August,Aug,Wednesday,2018-08-01,2018-08-31
2018-08-30,2018,8,30,5,August,Aug,Thursday,2018-08-01,2018-08-31
2018-08-31,2018,8,31,6,August,Aug,Friday,2018-08-01,2018-08-31
2018-09-01,2018,9,1,7,September,Sep,Saturday,2018-09-01,2018-09-30
2018-09-02,2018,9,2,1,September,Sep,Sunday,2018-09-01,2018-09-30
2018-09-03,2018,9,3,2,September,Sep,Monday,2018-09-01,2018-09-30
2018-09-04,2018,9,4,3,September,Sep,Tuesday,2018-09-01,2018-09-30
2018-09-05,2018,9,5,4,September,Sep,Wednesday,2018-09-01,2018-09-30
2018-09-06,2018,9,6,5,September,Sep,Thursday,2018-09-01,2018-09-30
2018-09-07,2018,9,7,6,September,Sep,Friday,2018-09-01,2018-09-30
2018-09-08,2018,9,8,7,September,Sep,Saturday,2018-09-01,2018-09-30
2018-09-09,2018,9,9,1,September,Sep,Sunday,2018-09-01,2018-09-30
2018-09-10,2018,9,10,2,September,Sep,Monday,2018-09-01,2018-09-30
2018-09-11,2018,9,11,3,September,Sep,Tuesday,2018-09-01,2018-09-30
2018-09-12,2018,9,12,4,September,Sep,Wednesday,2018-09-01,2018-09-30
2018-09-13,2018,9,13,5,September,Sep,Thursday,2018-09-01,2018-09-30
2018-09-14,2018,9,14,6,September,Sep,Friday,2018-09-01,2018-09-30
2018-09-15,2018,9,15,7,September,Sep,Saturday,2018-09-01,2018-09-30
2018-09-16,2018,9,16,1,September,Sep,Sunday,2018-09-01,2018-09-30
2018-09-17,2018,9,17,2,September,Sep,Monday,2018-09-01,2018-09-30
2018-09-18,2018,9,18,3,September,Sep,Tuesday,2018-09-01,2018-09-30
2018-09-19,2018,9,19,4,September,Sep,Wednesday,2018-09-01,2018-09-30
2018-09-20,2018,9,20,5,September,Sep,Thursday,2018-09-01,2018-09-30
2018-09-21,2018,9,21,6,September,Sep,Friday,2018-09-01,2018-09-30
2018-09-22,2018,9,22,7,September,Sep,Saturday,2018-09-01,2018-09-30
2018-09-23,2018,9,23,1,September,Sep,Sunday,2018-09-01,2018-09-30
2018-09-24,2018,9,24,2,September,Sep,Monday,2018-09-01,2018-09-30
2018-09-25,2018,9,25,3,September,Sep,Tuesday,2018-09-01,2018-09-30
2018-09-26,2018,9,26,4,September,Sep,Wednesday,2018-09-01,2018-09-30
2018-09-27,2018,9,27,5,September,Sep,Thursday,2018-09-01,2018-09-30
2018-09-28,2018,9,28,6,September,Sep,Friday,2018-09-01,2018-09-30
2018-09-29,2018,9,29,7,September,Sep,Saturday,2018-09-01,2018-09-30
2018-09-30,2018,9,30,1,September,Sep,Sunday,2018-09-01,2018-09-30
2018-10-01,2018,10,1,2,October,Oct,Monday,2018-10-01,2018-10-30
2018-10-02,2018,10,2,3,October,Oct,Tuesday,2018-10-01,2018-10-30
2018-10-03,2018,10,3,4,October,Oct,Wednesday,2018-10-01,2018-10-30
2018-10-04,2018,10,4,5,October,Oct,Thursday,2018-10-01,2018-10-30
2018-10-05,2018,10,5,6,October,Oct,Friday,2018-10-01,2018-10-30
2018-10-06,2018,10,6,7,October,Oct,Saturday,2018-10-01,2018-10-30
2018-10-07,2018,10,7,1,October,Oct,Sunday,2018-10-01,2018-10-30
2018-10-08,2018,10,8,2,October,Oct,Monday,2018-10-01,2018-10-30
2018-10-09,2018,10,9,3,October,Oct,Tuesday,2018-10-01,2018-10-30
2018-10-10,2018,10,10,4,October,Oct,Wednesday,2018-10-01,2018-10-30
2018-10-11,2018,10,11,5,October,Oct,Thursday,2018-10-01,2018-10-30
2018-10-12,2018,10,12,6,October,Oct,Friday,2018-10-01,2018-10-30
2018-10-13,2018,10,13,7,October,Oct,Saturday,2018-10-01,2018-10-30
2018-10-14,2018,10,14,1,October,Oct,Sunday,2018-10-01,2018-10-30
2018-10-15,2018,10,15,2,October,Oct,Monday,2018-10-01,2018-10-30
2018-10-16,2018,10,16,3,October,Oct,Tuesday,2018-10-01,2018-10-30
2018-10-17,2018,10,17,4,October,Oct,Wednesday,2018-10-01,2018-10-30
2018-10-18,2018,10,18,5,October,Oct,Thursday,2018-10-01,2018-10-30
2018-10-19,2018,10,19,6,October,Oct,Friday,2018-10-01,2018-10-30
2018-10-20,2018,10,20,7,October,Oct,Saturday,2018-10-01,2018-10-30
2018-10-21,2018,10,21,1,October,Oct,Sunday,2018-10-01,2018-10-30
2018-10-22,2018,10,22,2,October,Oct,Monday,2018-10-01,2018-10-30
2018-10-23,2018,10,23,3,October,Oct,Tuesday,2018-10-01,2018-10-30
2018-10-24,2018,10,24,4,October,Oct,Wednesday,2018-10-01,2018-10-30
2018-10-25,2018,10,25,5,October,Oct,Thursday,2018-10-01,2018-10-30
2018-10-26,2018,10,26,6,October,Oct,Friday,2018-10-01,2018-10-30
2018-10-27,2018,10,27,7,October,Oct,Saturday,2018-10-01,2018-10-30
2018-10-28,2018,10,28,1,October,Oct,Sunday,2018-10-01,2018-10-30
2018-10-29,2018,10,29,2,October,Oct,Monday,2018-10-01,2018-10-30
2018-10-30,2018,10,30,3,October,Oct,Tuesday,2018-10-01,2018-10-30
2018-10-31,2018,10,31,4,October,Oct,Wednesday,2018-10-01,2018-10-30
2018-11-01,2018,11,1,5,November,Nov,Thursday,2018-11-01,2018-11-30
2018-11-02,2018,11,2,6,November,Nov,Friday,2018-11-01,2018-11-30
2018-11-03,2018,11,3,7,November,Nov,Saturday,2018-11-01,2018-11-30
2018-11-04,2018,11,4,1,November,Nov,Sunday,2018-11-01,2018-11-30
2018-11-05,2018,11,5,2,November,Nov,Monday,2018-11-01,2018-11-30
2018-11-06,2018,11,6,3,November,Nov,Tuesday,2018-11-01,2018-11-30
2018-11-07,2018,11,7,4,November,Nov,Wednesday,2018-11-01,2018-11-30
2018-11-08,2018,11,8,5,November,Nov,Thursday,2018-11-01,2018-11-30
2018-11-09,2018,11,9,6,November,Nov,Friday,2018-11-01,2018-11-30
2018-11-10,2018,11,10,7,November,Nov,Saturday,2018-11-01,2018-11-30
2018-11-11,2018,11,11,1,November,Nov,Sunday,2018-11-01,2018-11-30
2018-11-12,2018,11,12,2,November,Nov,Monday,2018-11-01,2018-11-30
2018-11-13,2018,11,13,3,November,Nov,Tuesday,2018-11-01,2018-11-30
2018-11-14,2018,11,14,4,November,Nov,Wednesday,2018-11-01,2018-11-30
2018-11-15,2018,11,15,5,November,Nov,Thursday,2018-11-01,2018-11-30
2018-11-16,2018,11,16,6,November,Nov,Friday,2018-11-01,2018-11-30
2018-11-17,2018,11,17,7,November,Nov,Saturday,2018-11-01,2018-11-30
2018-11-18,2018,11,18,1,November,Nov,Sunday,2018-11-01,2018-11-30
2018-11-19,2018,11,19,2,November,Nov,Monday,2018-11-01,2018-11-30
2018-11-20,2018,11,20,3,November,Nov,Tuesday,2018-11-01,2018-11-30
2018-11-21,2018,11,21,4,November,Nov,Wednesday,2018-11-01,2018-11-30
2018-11-22,2018,11,22,5,November,Nov,Thursday,2018-11-01,2018-11-30
2018-11-23,2018,11,23,6,November,Nov,Friday,2018-11-01,2018-11-30
2018-11-24,2018,11,24,7,November,Nov,Saturday,2018-11-01,2018-11-30
2018-11-25,2018,11,25,1,November,Nov,Sunday,2018-11-01,2018-11-30
2018-11-26,2018,11,26,2,November,Nov,Monday,2018-11-01,2018-11-30
2018-11-27,2018,11,27,3,November,Nov,Tuesday,2018-11-01,2018-11-30
2018-11-28,2018,11,28,4,November,Nov,Wednesday,2018-11-01,2018-11-30
2018-11-29,2018,11,29,5,November,Nov,Thursday,2018-11-01,2018-11-30
2018-11-30,2018,11,30,6,November,Nov,Friday,2018-11-01,2018-11-30
2018-12-01,2018,12,1,7,December,Dec,Saturday,2018-12-01,2018-12-30
2018-12-02,2018,12,2,1,December,Dec,Sunday,2018-12-01,2018-12-30
2018-12-03,2018,12,3,2,December,Dec,Monday,2018-12-01,2018-12-30
2018-12-04,2018,12,4,3,December,Dec,Tuesday,2018-12-01,2018-12-30
2018-12-05,2018,12,5,4,December,Dec,Wednesday,2018-12-01,2018-12-30
2018-12-06,2018,12,6,5,December,Dec,Thursday,2018-12-01,2018-12-30
2018-12-07,2018,12,7,6,December,Dec,Friday,2018-12-01,2018-12-30
2018-12-08,2018,12,8,7,December,Dec,Saturday,2018-12-01,2018-12-30
2018-12-09,2018,12,9,1,December,Dec,Sunday,2018-12-01,2018-12-30
2018-12-10,2018,12,10,2,December,Dec,Monday,2018-12-01,2018-12-30
2018-12-11,2018,12,11,3,December,Dec,Tuesday,2018-12-01,2018-12-30
2018-12-12,2018,12,12,4,December,Dec,Wednesday,2018-12-01,2018-12-30
2018-12-13,2018,12,13,5,December,Dec,Thursday,2018-12-01,2018-12-30
2018-12-14,2018,12,14,6,December,Dec,Friday,2018-12-01,2018-12-30
2018-12-15,2018,12,15,7,December,Dec,Saturday,2018-12-01,2018-12-30
2018-12-16,2018,12,16,1,December,Dec,Sunday,2018-12-01,2018-12-30
2018-12-17,2018,12,17,2,December,Dec,Monday,2018-12-01,2018-12-30
2018-12-18,2018,12,18,3,December,Dec,Tuesday,2018-12-01,2018-12-30
2018-12-19,2018,12,19,4,December,Dec,Wednesday,2018-12-01,2018-12-30
2018-12-20,2018,12,20,5,December,Dec,Thursday,2018-12-01,2018-12-30
2018-12-21,2018,12,21,6,December,Dec,Friday,2018-12-01,2018-12-30
2018-12-22,2018,12,22,7,December,Dec,Saturday,2018-12-01,2018-12-30
2018-12-23,2018,12,23,1,December,Dec,Sunday,2018-12-01,2018-12-30
2018-12-24,2018,12,24,2,December,Dec,Monday,2018-12-01,2018-12-30
2018-12-25,2018,12,25,3,December,Dec,Tuesday,2018-12-01,2018-12-30
2018-12-26,2018,12,26,4,December,Dec,Wednesday,2018-12-01,2018-12-30
2018-12-27,2018,12,27,5,December,Dec,Thursday,2018-12-01,2018-12-30
2018-12-28,2018,12,28,6,December,Dec,Friday,2018-12-01,2018-12-30
2018-12-29,2018,12,29,7,December,Dec,Saturday,2018-12-01,2018-12-30
2018-12-30,2018,12,30,1,December,Dec,Sunday,2018-12-01,2018-12-30
2018-12-31,2018,12,31,2,December,Dec,Monday,2018-12-01,2018-12-30
2019-01-01,2019,1,1,3,January,Jan,Tuesday,2019-01-01,2019-01-31
2019-01-02,2019,1,2,4,January,Jan,Wednesday,2019-01-01,2019-01-31
2019-01-03,2019,1,3,5,January,Jan,Thursday,2019-01-01,2019-01-31
2019-01-04,2019,1,4,6,January,Jan,Friday,2019-01-01,2019-01-31
2019-01-05,2019,1,5,7,January,Jan,Saturday,2019-01-01,2019-01-31
2019-01-06,2019,1,6,1,January,Jan,Sunday,2019-01-01,2019-01-31
2019-01-07,2019,1,7,2,January,Jan,Monday,2019-01-01,2019-01-31
2019-01-08,2019,1,8,3,January,Jan,Tuesday,2019-01-01,2019-01-31
2019-01-09,2019,1,9,4,January,Jan,Wednesday,2019-01-01,2019-01-31
2019-01-10,2019,1,10,5,January,Jan,Thursday,2019-01-01,2019-01-31
2019-01-11,2019,1,11,6,January,Jan,Friday,2019-01-01,2019-01-31
2019-01-12,2019,1,12,7,January,Jan,Saturday,2019-01-01,2019-01-31
2019-01-13,2019,1,13,1,January,Jan,Sunday,2019-01-01,2019-01-31
2019-01-14,2019,1,14,2,January,Jan,Monday,2019-01-01,2019-01-31
2019-01-15,2019,1,15,3,January,Jan,Tuesday,2019-01-01,2019-01-31
2019-01-16,2019,1,16,4,January,Jan,Wednesday,2019-01-01,2019-01-31
2019-01-17,2019,1,17,5,January,Jan,Thursday,2019-01-01,2019-01-31
2019-01-18,2019,1,18,6,January,Jan,Friday,2019-01-01,2019-01-31
2019-01-19,2019,1,19,7,January,Jan,Saturday,2019-01-01,2019-01-31
2019-01-20,2019,1,20,1,January,Jan,Sunday,2019-01-01,2019-01-31
2019-01-21,2019,1,21,2,January,Jan,Monday,2019-01-01,2019-01-31
2019-01-22,2019,1,22,3,January,Jan,Tuesday,2019-01-01,2019-01-31
2019-01-23,2019,1,23,4,January,Jan,Wednesday,2019-01-01,2019-01-31
2019-01-24,2019,1,24,5,January,Jan,Thursday,2019-01-01,2019-01-31
2019-01-25,2019,1,25,6,January,Jan,Friday,2019-01-01,2019-01-31
2019-01-26,2019,1,26,7,January,Jan,Saturday,2019-01-01,2019-01-31
2019-01-27,2019,1,27,1,January,Jan,Sunday,2019-01-01,2019-01-31
2019-01-28,2019,1,28,2,January,Jan,Monday,2019-01-01,2019-01-31
2019-01-29,2019,1,29,3,January,Jan,Tuesday,2019-01-01,2019-01-31
2019-01-30,2019,1,30,4,January,Jan,Wednesday,2019-01-01,2019-01-31
2019-01-31,2019,1,31,5,January,Jan,Thursday,2019-01-01,2019-01-31
2019-02-01,2019,2,1,6,February,Feb,Friday,2019-02-01,2019-02-28
2019-02-02,2019,2,2,7,February,Feb,Saturday,2019-02-01,2019-02-28
2019-02-03,2019,2,3,1,February,Feb,Sunday,2019-02-01,2019-02-28
2019-02-04,2019,2,4,2,February,Feb,Monday,2019-02-01,2019-02-28
2019-02-05,2019,2,5,3,February,Feb,Tuesday,2019-02-01,2019-02-28
2019-02-06,2019,2,6,4,February,Feb,Wednesday,2019-02-01,2019-02-28
2019-02-07,2019,2,7,5,February,Feb,Thursday,2019-02-01,2019-02-28
2019-02-08,2019,2,8,6,February,Feb,Friday,2019-02-01,2019-02-28
2019-02-09,2019,2,9,7,February,Feb,Saturday,2019-02-01,2019-02-28
2019-02-10,2019,2,10,1,February,Feb,Sunday,2019-02-01,2019-02-28
2019-02-11,2019,2,11,2,February,Feb,Monday,2019-02-01,2019-02-28
2019-02-12,2019,2,12,3,February,Feb,Tuesday,2019-02-01,2019-02-28
2019-02-13,2019,2,13,4,February,Feb,Wednesday,2019-02-01,2019-02-28
2019-02-14,2019,2,14,5,February,Feb,Thursday,2019-02-01,2019-02-28
2019-02-15,2019,2,15,6,February,Feb,Friday,2019-02-01,2019-02-28
2019-02-16,2019,2,16,7,February,Feb,Saturday,2019-02-01,2019-02-28
2019-02-17,2019,2,17,1,February,Feb,Sunday,2019-02-01,2019-02-28
2019-02-18,2019,2,18,2,February,Feb,Monday,2019-02-01,2019-02-28
2019-02-19,2019,2,19,3,February,Feb,Tuesday,2019-02-01,2019-02-28
2019-02-20,2019,2,20,4,February,Feb,Wednesday,2019-02-01,2019-02-28
2019-02-21,2019,2,21,5,February,Feb,Thursday,2019-02-01,2019-02-28
2019-02-22,2019,2,22,6,February,Feb,Friday,2019-02-01,2019-02-28
2019-02-23,2019,2,23,7,February,Feb,Saturday,2019-02-01,2019-02-28
2019-02-24,2019,2,24,1,February,Feb,Sunday,2019-02-01,2019-02-28
2019-02-25,2019,2,25,2,February,Feb,Monday,2019-02-01,2019-02-28
2019-02-26,2019,2,26,3,February,Feb,Tuesday,2019-02-01,2019-02-28
2019-02-27,2019,2,27,4,February,Feb,Wednesday,2019-02-01,2019-02-28
2019-02-28,2019,2,28,5,February,Feb,Thursday,2019-02-01,2019-02-28
2019-03-01,2019,3,1,6,March,Mar,Friday,2019-03-01,2019-03-28
2019-03-02,2019,3,2,7,March,Mar,Saturday,2019-03-01,2019-03-28
2019-03-03,2019,3,3,1,March,Mar,Sunday,2019-03-01,2019-03-28
2019-03-04,2019,3,4,2,March,Mar,Monday,2019-03-01,2019-03-28
2019-03-05,2019,3,5,3,March,Mar,Tuesday,2019-03-01,2019-03-28
2019-03-06,2019,3,6,4,March,Mar,Wednesday,2019-03-01,2019-03-28
2019-03-07,2019,3,7,5,March,Mar,Thursday,2019-03-01,2019-03-28
2019-03-08,2019,3,8,6,March,Mar,Friday,2019-03-01,2019-03-28
2019-03-09,2019,3,9,7,March,Mar,Saturday,2019-03-01,2019-03-28
2019-03-10,2019,3,10,1,March,Mar,Sunday,2019-03-01,2019-03-28
2019-03-11,2019,3,11,2,March,Mar,Monday,2019-03-01,2019-03-28
2019-03-12,2019,3,12,3,March,Mar,Tuesday,2019-03-01,2019-03-28
2019-03-13,2019,3,13,4,March,Mar,Wednesday,2019-03-01,2019-03-28
2019-03-14,2019,3,14,5,March,Mar,Thursday,2019-03-01,2019-03-28
2019-03-15,2019,3,15,6,March,Mar,Friday,2019-03-01,2019-03-28
2019-03-16,2019,3,16,7,March,Mar,Saturday,2019-03-01,2019-03-28
2019-03-17,2019,3,17,1,March,Mar,Sunday,2019-03-01,2019-03-28
2019-03-18,2019,3,18,2,March,Mar,Monday,2019-03-01,2019-03-28
2019-03-19,2019,3,19,3,March,Mar,Tuesday,2019-03-01,2019-03-28
2019-03-20,2019,3,20,4,March,Mar,Wednesday,2019-03-01,2019-03-28
2019-03-21,2019,3,21,5,March,Mar,Thursday,2019-03-01,2019-03-28
2019-03-22,2019,3,22,6,March,Mar,Friday,2019-03-01,2019-03-28
2019-03-23,2019,3,23,7,March,Mar,Saturday,2019-03-01,2019-03-28
2019-03-24,2019,3,24,1,March,Mar,Sunday,2019-03-01,2019-03-28
2019-03-25,2019,3,25,2,March,Mar,Monday,2019-03-01,2019-03-28
2019-03-26,2019,3,26,3,March,Mar,Tuesday,2019-03-01,2019-03-28
2019-03-27,2019,3,27,4,March,Mar,Wednesday,2019-03-01,2019-03-28
2019-03-28,2019,3,28,5,March,Mar,Thursday,2019-03-01,2019-03-28
2019-03-29,2019,3,29,6,March,Mar,Friday,2019-03-01,2019-03-28
2019-03-30,2019,3,30,7,March,Mar,Saturday,2019-03-01,2019-03-28
2019-03-31,2019,3,31,1,March,Mar,Sunday,2019-03-01,2019-03-28
2019-04-01,2019,4,1,2,April,Apr,Monday,2019-04-01,2019-04-30
2019-04-02,2019,4,2,3,April,Apr,Tuesday,2019-04-01,2019-04-30
2019-04-03,2019,4,3,4,April,Apr,Wednesday,2019-04-01,2019-04-30
2019-04-04,2019,4,4,5,April,Apr,Thursday,2019-04-01,2019-04-30
2019-04-05,2019,4,5,6,April,Apr,Friday,2019-04-01,2019-04-30
2019-04-06,2019,4,6,7,April,Apr,Saturday,2019-04-01,2019-04-30
2019-04-07,2019,4,7,1,April,Apr,Sunday,2019-04-01,2019-04-30
2019-04-08,2019,4,8,2,April,Apr,Monday,2019-04-01,2019-04-30
2019-04-09,2019,4,9,3,April,Apr,Tuesday,2019-04-01,2019-04-30
2019-04-10,2019,4,10,4,April,Apr,Wednesday,2019-04-01,2019-04-30
2019-04-11,2019,4,11,5,April,Apr,Thursday,2019-04-01,2019-04-30
2019-04-12,2019,4,12,6,April,Apr,Friday,2019-04-01,2019-04-30
2019-04-13,2019,4,13,7,April,Apr,Saturday,2019-04-01,2019-04-30
2019-04-14,2019,4,14,1,April,Apr,Sunday,2019-04-01,2019-04-30
2019-04-15,2019,4,15,2,April,Apr,Monday,2019-04-01,2019-04-30
2019-04-16,2019,4,16,3,April,Apr,Tuesday,2019-04-01,2019-04-30
2019-04-17,2019,4,17,4,April,Apr,Wednesday,2019-04-01,2019-04-30
2019-04-18,2019,4,18,5,April,Apr,Thursday,2019-04-01,2019-04-30
2019-04-19,2019,4,19,6,April,Apr,Friday,2019-04-01,2019-04-30
2019-04-20,2019,4,20,7,April,Apr,Saturday,2019-04-01,2019-04-30
2019-04-21,2019,4,21,1,April,Apr,Sunday,2019-04-01,2019-04-30
2019-04-22,2019,4,22,2,April,Apr,Monday,2019-04-01,2019-04-30
2019-04-23,2019,4,23,3,April,Apr,Tuesday,2019-04-01,2019-04-30
2019-04-24,2019,4,24,4,April,Apr,Wednesday,2019-04-01,2019-04-30
2019-04-25,2019,4,25,5,April,Apr,Thursday,2019-04-01,2019-04-30
2019-04-26,2019,4,26,6,April,Apr,Friday,2019-04-01,2019-04-30
2019-04-27,2019,4,27,7,April,Apr,Saturday,2019-04-01,2019-04-30
2019-04-28,2019,4,28,1,April,Apr,Sunday,2019-04-01,2019-04-30
2019-04-29,2019,4,29,2,April,Apr,Monday,2019-04-01,2019-04-30
2019-04-30,2019,4,30,3,April,Apr,Tuesday,2019-04-01,2019-04-30
2019-05-01,2019,5,1,4,May,May,Wednesday,2019-05-01,2019-05-30
2019-05-02,2019,5,2,5,May,May,Thursday,2019-05-01,2019-05-30
2019-05-03,2019,5,3,6,May,May,Friday,2019-05-01,2019-05-30
2019-05-04,2019,5,4,7,May,May,Saturday,2019-05-01,2019-05-30
2019-05-05,2019,5,5,1,May,May,Sunday,2019-05-01,2019-05-30
2019-05-06,2019,5,6,2,May,May,Monday,2019-05-01,2019-05-30
2019-05-07,2019,5,7,3,May,May,Tuesday,2019-05-01,2019-05-30
2019-05-08,2019,5,8,4,May,May,Wednesday,2019-05-01,2019-05-30
2019-05-09,2019,5,9,5,May,May,Thursday,2019-05-01,2019-05-30
2019-05-10,2019,5,10,6,May,May,Friday,2019-05-01,2019-05-30
2019-05-11,2019,5,11,7,May,May,Saturday,2019-05-01,2019-05-30
2019-05-12,2019,5,12,1,May,May,Sunday,2019-05-01,2019-05-30
2019-05-13,2019,5,13,2,May,May,Monday,2019-05-01,2019-05-30
2019-05-14,2019,5,14,3,May,May,Tuesday,2019-05-01,2019-05-30
2019-05-15,2019,5,15,4,May,May,Wednesday,2019-05-01,2019-05-30
2019-05-16,2019,5,16,5,May,May,Thursday,2019-05-01,2019-05-30
2019-05-17,2019,5,17,6,May,May,Friday,2019-05-01,2019-05-30
2019-05-18,2019,5,18,7,May,May,Saturday,2019-05-01,2019-05-30
2019-05-19,2019,5,19,1,May,May,Sunday,2019-05-01,2019-05-30
2019-05-20,2019,5,20,2,May,May,Monday,2019-05-01,2019-05-30
2019-05-21,2019,5,21,3,May,May,Tuesday,2019-05-01,2019-05-30
2019-05-22,2019,5,22,4,May,May,Wednesday,2019-05-01,2019-05-30
2019-05-23,2019,5,23,5,May,May,Thursday,2019-05-01,2019-05-30
2019-05-24,2019,5,24,6,May,May,Friday,2019-05-01,2019-05-30
2019-05-25,2019,5,25,7,May,May,Saturday,2019-05-01,2019-05-30
2019-05-26,2019,5,26,1,May,May,Sunday,2019-05-01,2019-05-30
2019-05-27,2019,5,27,2,May,May,Monday,2019-05-01,2019-05-30
2019-05-28,2019,5,28,3,May,May,Tuesday,2019-05-01,2019-05-30
2019-05-29,2019,5,29,4,May,May,Wednesday,2019-05-01,2019-05-30
2019-05-30,2019,5,30,5,May,May,Thursday,2019-05-01,2019-05-30
2019-05-31,2019,5,31,6,May,May,Friday,2019-05-01,2019-05-30
2019-06-01,2019,6,1,7,June,Jun,Saturday,2019-06-01,2019-06-30
2019-06-02,2019,6,2,1,June,Jun,Sunday,2019-06-01,2019-06-30
2019-06-03,2019,6,3,2,June,Jun,Monday,2019-06-01,2019-06-30
2019-06-04,2019,6,4,3,June,Jun,Tuesday,2019-06-01,2019-06-30
2019-06-05,2019,6,5,4,June,Jun,Wednesday,2019-06-01,2019-06-30
2019-06-06,2019,6,6,5,June,Jun,Thursday,2019-06-01,2019-06-30
2019-06-07,2019,6,7,6,June,Jun,Friday,2019-06-01,2019-06-30
2019-06-08,2019,6,8,7,June,Jun,Saturday,2019-06-01,2019-06-30
2019-06-09,2019,6,9,1,June,Jun,Sunday,2019-06-01,2019-06-30
2019-06-10,2019,6,10,2,June,Jun,Monday,2019-06-01,2019-06-30
2019-06-11,2019,6,11,3,June,Jun,Tuesday,2019-06-01,2019-06-30
2019-06-12,2019,6,12,4,June,Jun,Wednesday,2019-06-01,2019-06-30
2019-06-13,2019,6,13,5,June,Jun,Thursday,2019-06-01,2019-06-30
2019-06-14,2019,6,14,6,June,Jun,Friday,2019-06-01,2019-06-30
2019-06-15,2019,6,15,7,June,Jun,Saturday,2019-06-01,2019-06-30
2019-06-16,2019,6,16,1,June,Jun,Sunday,2019-06-01,2019-06-30
2019-06-17,2019,6,17,2,June,Jun,Monday,2019-06-01,2019-06-30
2019-06-18,2019,6,18,3,June,Jun,Tuesday,2019-06-01,2019-06-30
2019-06-19,2019,6,19,4,June,Jun,Wednesday,2019-06-01,2019-06-30
2019-06-20,2019,6,20,5,June,Jun,Thursday,2019-06-01,2019-06-30
2019-06-21,2019,6,21,6,June,Jun,Friday,2019-06-01,2019-06-30
2019-06-22,2019,6,22,7,June,Jun,Saturday,2019-06-01,2019-06-30
2019-06-23,2019,6,23,1,June,Jun,Sunday,2019-06-01,2019-06-30
2019-06-24,2019,6,24,2,June,Jun,Monday,2019-06-01,2019-06-30
2019-06-25,2019,6,25,3,June,Jun,Tuesday,2019-06-01,2019-06-30
2019-06-26,2019,6,26,4,June,Jun,Wednesday,2019-06-01,2019-06-30
2019-06-27,2019,6,27,5,June,Jun,Thursday,2019-06-01,2019-06-30
2019-06-28,2019,6,28,6,June,Jun,Friday,2019-06-01,2019-06-30
2019-06-29,2019,6,29,7,June,Jun,Saturday,2019-06-01,2019-06-30
2019-06-30,2019,6,30,1,June,Jun,Sunday,2019-06-01,2019-06-30
2019-07-01,2019,7,1,2,July,Jul,Monday,2019-07-01,2019-07-30
2019-07-02,2019,7,2,3,July,Jul,Tuesday,2019-07-01,2019-07-30
2019-07-03,2019,7,3,4,July,Jul,Wednesday,2019-07-01,2019-07-30
2019-07-04,2019,7,4,5,July,Jul,Thursday,2019-07-01,2019-07-30
2019-07-05,2019,7,5,6,July,Jul,Friday,2019-07-01,2019-07-30
2019-07-06,2019,7,6,7,July,Jul,Saturday,2019-07-01,2019-07-30
2019-07-07,2019,7,7,1,July,Jul,Sunday,2019-07-01,2019-07-30
2019-07-08,2019,7,8,2,July,Jul,Monday,2019-07-01,2019-07-30
2019-07-09,2019,7,9,3,July,Jul,Tuesday,2019-07-01,2019-07-30
2019-07-10,2019,7,10,4,July,Jul,Wednesday,2019-07-01,2019-07-30
2019-07-11,2019,7,11,5,July,Jul,Thursday,2019-07-01,2019-07-30
2019-07-12,2019,7,12,6,July,Jul,Friday,2019-07-01,2019-07-30
2019-07-13,2019,7,13,7,July,Jul,Saturday,2019-07-01,2019-07-30
2019-07-14,2019,7,14,1,July,Jul,Sunday,2019-07-01,2019-07-30
2019-07-15,2019,7,15,2,July,Jul,Monday,2019-07-01,2019-07-30
2019-07-16,2019,7,16,3,July,Jul,Tuesday,2019-07-01,2019-07-30
2019-07-17,2019,7,17,4,July,Jul,Wednesday,2019-07-01,2019-07-30
2019-07-18,2019,7,18,5,July,Jul,Thursday,2019-07-01,2019-07-30
2019-07-19,2019,7,19,6,July,Jul,Friday,2019-07-01,2019-07-30
2019-07-20,2019,7,20,7,July,Jul,Saturday,2019-07-01,2019-07-30
2019-07-21,2019,7,21,1,July,Jul,Sunday,2019-07-01,2019-07-30
2019-07-22,2019,7,22,2,July,Jul,Monday,2019-07-01,2019-07-30
2019-07-23,2019,7,23,3,July,Jul,Tuesday,2019-07-01,2019-07-30
2019-07-24,2019,7,24,4,July,Jul,Wednesday,2019-07-01,2019-07-30
2019-07-25,2019,7,25,5,July,Jul,Thursday,2019-07-01,2019-07-30
2019-07-26,2019,7,26,6,July,Jul,Friday,2019-07-01,2019-07-30
2019-07-27,2019,7,27,7,July,Jul,Saturday,2019-07-01,2019-07-30
2019-07-28,2019,7,28,1,July,Jul,Sunday,2019-07-01,2019-07-30
2019-07-29,2019,7,29,2,July,Jul,Monday,2019-07-01,2019-07-30
2019-07-30,2019,7,30,3,July,Jul,Tuesday,2019-07-01,2019-07-30
2019-07-31,2019,7,31,4,July,Jul,Wednesday,2019-07-01,2019-07-30
2019-08-01,2019,8,1,5,August,Aug,Thursday,2019-08-01,2019-08-31
2019-08-02,2019,8,2,6,August,Aug,Friday,2019-08-01,2019-08-31
2019-08-03,2019,8,3,7,August,Aug,Saturday,2019-08-01,2019-08-31
2019-08-04,2019,8,4,1,August,Aug,Sunday,2019-08-01,2019-08-31
2019-08-05,2019,8,5,2,August,Aug,Monday,2019-08-01,2019-08-31
2019-08-06,2019,8,6,3,August,Aug,Tuesday,2019-08-01,2019-08-31
2019-08-07,2019,8,7,4,August,Aug,Wednesday,2019-08-01,2019-08-31
2019-08-08,2019,8,8,5,August,Aug,Thursday,2019-08-01,2019-08-31
2019-08-09,2019,8,9,6,August,Aug,Friday,2019-08-01,2019-08-31
2019-08-10,2019,8,10,7,August,Aug,Saturday,2019-08-01,2019-08-31
2019-08-11,2019,8,11,1,August,Aug,Sunday,2019-08-01,2019-08-31
2019-08-12,2019,8,12,2,August,Aug,Monday,2019-08-01,2019-08-31
2019-08-13,2019,8,13,3,August,Aug,Tuesday,2019-08-01,2019-08-31
2019-08-14,2019,8,14,4,August,Aug,Wednesday,2019-08-01,2019-08-31
2019-08-15,2019,8,15,5,August,Aug,Thursday,2019-08-01,2019-08-31
2019-08-16,2019,8,16,6,August,Aug,Friday,2019-08-01,2019-08-31
2019-08-17,2019,8,17,7,August,Aug,Saturday,2019-08-01,2019-08-31
2019-08-18,2019,8,18,1,August,Aug,Sunday,2019-08-01,2019-08-31
2019-08-19,2019,8,19,2,August,Aug,Monday,2019-08-01,2019-08-31
2019-08-20,2019,8,20,3,August,Aug,Tuesday,2019-08-01,2019-08-31
2019-08-21,2019,8,21,4,August,Aug,Wednesday,2019-08-01,2019-08-31
2019-08-22,2019,8,22,5,August,Aug,Thursday,2019-08-01,2019-08-31
2019-08-23,2019,8,23,6,August,Aug,Friday,2019-08-01,2019-08-31
2019-08-24,2019,8,24,7,August,Aug,Saturday,2019-08-01,2019-08-31
2019-08-25,2019,8,25,1,August,Aug,Sunday,2019-08-01,2019-08-31
2019-08-26,2019,8,26,2,August,Aug,Monday,2019-08-01,2019-08-31
2019-08-27,2019,8,27,3,August,Aug,Tuesday,2019-08-01,2019-08-31
2019-08-28,2019,8,28,4,August,Aug,Wednesday,2019-08-01,2019-08-31
2019-08-29,2019,8,29,5,August,Aug,Thursday,2019-08-01,2019-08-31
2019-08-30,2019,8,30,6,August,Aug,Friday,2019-08-01,2019-08-31
2019-08-31,2019,8,31,7,August,Aug,Saturday,2019-08-01,2019-08-31
2019-09-01,2019,9,1,1,September,Sep,Sunday,2019-09-01,2019-09-30
2019-09-02,2019,9,2,2,September,Sep,Monday,2019-09-01,2019-09-30
2019-09-03,2019,9,3,3,September,Sep,Tuesday,2019-09-01,2019-09-30
2019-09-04,2019,9,4,4,September,Sep,Wednesday,2019-09-01,2019-09-30
2019-09-05,2019,9,5,5,September,Sep,Thursday,2019-09-01,2019-09-30
2019-09-06,2019,9,6,6,September,Sep,Friday,2019-09-01,2019-09-30
2019-09-07,2019,9,7,7,September,Sep,Saturday,2019-09-01,2019-09-30
2019-09-08,2019,9,8,1,September,Sep,Sunday,2019-09-01,2019-09-30
2019-09-09,2019,9,9,2,September,Sep,Monday,2019-09-01,2019-09-30
2019-09-10,2019,9,10,3,September,Sep,Tuesday,2019-09-01,2019-09-30
2019-09-11,2019,9,11,4,September,Sep,Wednesday,2019-09-01,2019-09-30
2019-09-12,2019,9,12,5,September,Sep,Thursday,2019-09-01,2019-09-30
2019-09-13,2019,9,13,6,September,Sep,Friday,2019-09-01,2019-09-30
2019-09-14,2019,9,14,7,September,Sep,Saturday,2019-09-01,2019-09-30
2019-09-15,2019,9,15,1,September,Sep,Sunday,2019-09-01,2019-09-30
2019-09-16,2019,9,16,2,September,Sep,Monday,2019-09-01,2019-09-30
2019-09-17,2019,9,17,3,September,Sep,Tuesday,2019-09-01,2019-09-30
2019-09-18,2019,9,18,4,September,Sep,Wednesday,2019-09-01,2019-09-30
2019-09-19,2019,9,19,5,September,Sep,Thursday,2019-09-01,2019-09-30
2019-09-20,2019,9,20,6,September,Sep,Friday,2019-09-01,2019-09-30
2019-09-21,2019,9,21,7,September,Sep,Saturday,2019-09-01,2019-09-30
2019-09-22,2019,9,22,1,September,Sep,Sunday,2019-09-01,2019-09-30
2019-09-23,2019,9,23,2,September,Sep,Monday,2019-09-01,2019-09-30
2019-09-24,2019,9,24,3,September,Sep,Tuesday,2019-09-01,2019-09-30
2019-09-25,2019,9,25,4,September,Sep,Wednesday,2019-09-01,2019-09-30
2019-09-26,2019,9,26,5,September,Sep,Thursday,2019-09-01,2019-09-30
2019-09-27,2019,9,27,6,September,Sep,Friday,2019-09-01,2019-09-30
2019-09-28,2019,9,28,7,September,Sep,Saturday,2019-09-01,2019-09-30
2019-09-29,2019,9,29,1,September,Sep,Sunday,2019-09-01,2019-09-30
2019-09-30,2019,9,30,2,September,Sep,Monday,2019-09-01,2019-09-30
2019-10-01,2019,10,1,3,October,Oct,Tuesday,2019-10-01,2019-10-30
2019-10-02,2019,10,2,4,October,Oct,Wednesday,2019-10-01,2019-10-30
2019-10-03,2019,10,3,5,October,Oct,Thursday,2019-10-01,2019-10-30
2019-10-04,2019,10,4,6,October,Oct,Friday,2019-10-01,2019-10-30
2019-10-05,2019,10,5,7,October,Oct,Saturday,2019-10-01,2019-10-30
2019-10-06,2019,10,6,1,October,Oct,Sunday,2019-10-01,2019-10-30
2019-10-07,2019,10,7,2,October,Oct,Monday,2019-10-01,2019-10-30
2019-10-08,2019,10,8,3,October,Oct,Tuesday,2019-10-01,2019-10-30
2019-10-09,2019,10,9,4,October,Oct,Wednesday,2019-10-01,2019-10-30
2019-10-10,2019,10,10,5,October,Oct,Thursday,2019-10-01,2019-10-30
2019-10-11,2019,10,11,6,October,Oct,Friday,2019-10-01,2019-10-30
2019-10-12,2019,10,12,7,October,Oct,Saturday,2019-10-01,2019-10-30
2019-10-13,2019,10,13,1,October,Oct,Sunday,2019-10-01,2019-10-30
2019-10-14,2019,10,14,2,October,Oct,Monday,2019-10-01,2019-10-30
2019-10-15,2019,10,15,3,October,Oct,Tuesday,2019-10-01,2019-10-30
2019-10-16,2019,10,16,4,October,Oct,Wednesday,2019-10-01,2019-10-30
2019-10-17,2019,10,17,5,October,Oct,Thursday,2019-10-01,2019-10-30
2019-10-18,2019,10,18,6,October,Oct,Friday,2019-10-01,2019-10-30
2019-10-19,2019,10,19,7,October,Oct,Saturday,2019-10-01,2019-10-30
2019-10-20,2019,10,20,1,October,Oct,Sunday,2019-10-01,2019-10-30
2019-10-21,2019,10,21,2,October,Oct,Monday,2019-10-01,2019-10-30
2019-10-22,2019,10,22,3,October,Oct,Tuesday,2019-10-01,2019-10-30
2019-10-23,2019,10,23,4,October,Oct,Wednesday,2019-10-01,2019-10-30
2019-10-24,2019,10,24,5,October,Oct,Thursday,2019-10-01,2019-10-30
2019-10-25,2019,10,25,6,October,Oct,Friday,2019-10-01,2019-10-30
2019-10-26,2019,10,26,7,October,Oct,Saturday,2019-10-01,2019-10-30
2019-10-27,2019,10,27,1,October,Oct,Sunday,2019-10-01,2019-10-30
2019-10-28,2019,10,28,2,October,Oct,Monday,2019-10-01,2019-10-30
2019-10-29,2019,10,29,3,October,Oct,Tuesday,2019-10-01,2019-10-30
2019-10-30,2019,10,30,4,October,Oct,Wednesday,2019-10-01,2019-10-30
2019-10-31,2019,10,31,5,October,Oct,Thursday,2019-10-01,2019-10-30
2019-11-01,2019,11,1,6,November,Nov,Friday,2019-11-01,2019-11-30
2019-11-02,2019,11,2,7,November,Nov,Saturday,2019-11-01,2019-11-30
2019-11-03,2019,11,3,1,November,Nov,Sunday,2019-11-01,2019-11-30
2019-11-04,2019,11,4,2,November,Nov,Monday,2019-11-01,2019-11-30
2019-11-05,2019,11,5,3,November,Nov,Tuesday,2019-11-01,2019-11-30
2019-11-06,2019,11,6,4,November,Nov,Wednesday,2019-11-01,2019-11-30
2019-11-07,2019,11,7,5,November,Nov,Thursday,2019-11-01,2019-11-30
2019-11-08,2019,11,8,6,November,Nov,Friday,2019-11-01,2019-11-30
2019-11-09,2019,11,9,7,November,Nov,Saturday,2019-11-01,2019-11-30
2019-11-10,2019,11,10,1,November,Nov,Sunday,2019-11-01,2019-11-30
2019-11-11,2019,11,11,2,November,Nov,Monday,2019-11-01,2019-11-30
2019-11-12,2019,11,12,3,November,Nov,Tuesday,2019-11-01,2019-11-30
2019-11-13,2019,11,13,4,November,Nov,Wednesday,2019-11-01,2019-11-30
2019-11-14,2019,11,14,5,November,Nov,Thursday,2019-11-01,2019-11-30
2019-11-15,2019,11,15,6,November,Nov,Friday,2019-11-01,2019-11-30
2019-11-16,2019,11,16,7,November,Nov,Saturday,2019-11-01,2019-11-30
2019-11-17,2019,11,17,1,November,Nov,Sunday,2019-11-01,2019-11-30
2019-11-18,2019,11,18,2,November,Nov,Monday,2019-11-01,2019-11-30
2019-11-19,2019,11,19,3,November,Nov,Tuesday,2019-11-01,2019-11-30
2019-11-20,2019,11,20,4,November,Nov,Wednesday,2019-11-01,2019-11-30
2019-11-21,2019,11,21,5,November,Nov,Thursday,2019-11-01,2019-11-30
2019-11-22,2019,11,22,6,November,Nov,Friday,2019-11-01,2019-11-30
2019-11-23,2019,11,23,7,November,Nov,Saturday,2019-11-01,2019-11-30
2019-11-24,2019,11,24,1,November,Nov,Sunday,2019-11-01,2019-11-30
2019-11-25,2019,11,25,2,November,Nov,Monday,2019-11-01,2019-11-30
2019-11-26,2019,11,26,3,November,Nov,Tuesday,2019-11-01,2019-11-30
2019-11-27,2019,11,27,4,November,Nov,Wednesday,2019-11-01,2019-11-30
2019-11-28,2019,11,28,5,November,Nov,Thursday,2019-11-01,2019-11-30
2019-11-29,2019,11,29,6,November,Nov,Friday,2019-11-01,2019-11-30
2019-11-30,2019,11,30,7,November,Nov,Saturday,2019-11-01,2019-11-30
2019-12-01,2019,12,1,1,December,Dec,Sunday,2019-12-01,2019-12-30
2019-12-02,2019,12,2,2,December,Dec,Monday,2019-12-01,2019-12-30
2019-12-03,2019,12,3,3,December,Dec,Tuesday,2019-12-01,2019-12-30
2019-12-04,2019,12,4,4,December,Dec,Wednesday,2019-12-01,2019-12-30
2019-12-05,2019,12,5,5,December,Dec,Thursday,2019-12-01,2019-12-30
2019-12-06,2019,12,6,6,December,Dec,Friday,2019-12-01,2019-12-30
2019-12-07,2019,12,7,7,December,Dec,Saturday,2019-12-01,2019-12-30
2019-12-08,2019,12,8,1,December,Dec,Sunday,2019-12-01,2019-12-30
2019-12-09,2019,12,9,2,December,Dec,Monday,2019-12-01,2019-12-30
2019-12-10,2019,12,10,3,December,Dec,Tuesday,2019-12-01,2019-12-30
2019-12-11,2019,12,11,4,December,Dec,Wednesday,2019-12-01,2019-12-30
2019-12-12,2019,12,12,5,December,Dec,Thursday,2019-12-01,2019-12-30
2019-12-13,2019,12,13,6,December,Dec,Friday,2019-12-01,2019-12-30
2019-12-14,2019,12,14,7,December,Dec,Saturday,2019-12-01,2019-12-30
2019-12-15,2019,12,15,1,December,Dec,Sunday,2019-12-01,2019-12-30
2019-12-16,2019,12,16,2,December,Dec,Monday,2019-12-01,2019-12-30
2019-12-17,2019,12,17,3,December,Dec,Tuesday,2019-12-01,2019-12-30
2019-12-18,2019,12,18,4,December,Dec,Wednesday,2019-12-01,2019-12-30
2019-12-19,2019,12,19,5,December,Dec,Thursday,2019-12-01,2019-12-30
2019-12-20,2019,12,20,6,December,Dec,Friday,2019-12-01,2019-12-30
2019-12-21,2019,12,21,7,December,Dec,Saturday,2019-12-01,2019-12-30
2019-12-22,2019,12,22,1,December,Dec,Sunday,2019-12-01,2019-12-30
2019-12-23,2019,12,23,2,December,Dec,Monday,2019-12-01,2019-12-30
2019-12-24,2019,12,24,3,December,Dec,Tuesday,2019-12-01,2019-12-30
2019-12-25,2019,12,25,4,December,Dec,Wednesday,2019-12-01,2019-12-30
2019-12-26,2019,12,26,5,December,Dec,Thursday,2019-12-01,2019-12-30
2019-12-27,2019,12,27,6,December,Dec,Friday,2019-12-01,2019-12-30
2019-12-28,2019,12,28,7,December,Dec,Saturday,2019-12-01,2019-12-30
2019-12-29,2019,12,29,1,December,Dec,Sunday,2019-12-01,2019-12-30
2019-12-30,2019,12,30,2,December,Dec,Monday,2019-12-01,2019-12-30
2019-12-31,2019,12,31,3,December,Dec,Tuesday,2019-12-01,2019-12-30
