,dateyear,order_date,review_score,score_count
0,2017,2017-01-05,3,1
1,2017,2017-01-05,4,1
2,2017,2017-01-05,5,30
3,2017,2017-01-06,4,1
4,2017,2017-01-06,5,3
5,2017,2017-01-07,1,2
6,2017,2017-01-07,5,2
7,2017,2017-01-08,1,2
8,2017,2017-01-08,3,1
9,2017,2017-01-08,5,3
10,2017,2017-01-09,1,2
11,2017,2017-01-09,5,3
12,2017,2017-01-10,1,2
13,2017,2017-01-10,4,1
14,2017,2017-01-10,5,3
15,2017,2017-01-11,1,3
16,2017,2017-01-11,3,1
17,2017,2017-01-11,5,8
18,2017,2017-01-12,1,3
19,2017,2017-01-12,4,3
20,2017,2017-01-12,5,7
21,2017,2017-01-13,1,1
22,2017,2017-01-13,3,1
23,2017,2017-01-13,4,1
24,2017,2017-01-13,5,8
25,2017,2017-01-14,1,2
26,2017,2017-01-14,2,1
27,2017,2017-01-14,3,4
28,2017,2017-01-14,4,5
29,2017,2017-01-14,5,5
30,2017,2017-01-15,2,1
31,2017,2017-01-15,3,1
32,2017,2017-01-15,4,2
33,2017,2017-01-15,5,10
34,2017,2017-01-16,1,3
35,2017,2017-01-16,3,1
36,2017,2017-01-16,4,3
37,2017,2017-01-16,5,11
38,2017,2017-01-17,2,2
39,2017,2017-01-17,3,4
40,2017,2017-01-17,4,10
41,2017,2017-01-17,5,17
42,2017,2017-01-18,1,5
43,2017,2017-01-18,3,5
44,2017,2017-01-18,4,6
45,2017,2017-01-18,5,14
46,2017,2017-01-19,1,3
47,2017,2017-01-19,2,1
48,2017,2017-01-19,3,2
49,2017,2017-01-19,4,8
50,2017,2017-01-19,5,15
51,2017,2017-01-20,1,2
52,2017,2017-01-20,3,1
53,2017,2017-01-20,4,5
54,2017,2017-01-20,5,21
55,2017,2017-01-21,1,3
56,2017,2017-01-21,2,2
57,2017,2017-01-21,3,3
58,2017,2017-01-21,4,7
59,2017,2017-01-21,5,9
60,2017,2017-01-22,1,4
61,2017,2017-01-22,3,6
62,2017,2017-01-22,4,6
63,2017,2017-01-22,5,15
64,2017,2017-01-23,1,9
65,2017,2017-01-23,2,2
66,2017,2017-01-23,3,2
67,2017,2017-01-23,4,5
68,2017,2017-01-23,5,21
69,2017,2017-01-24,1,5
70,2017,2017-01-24,2,1
71,2017,2017-01-24,3,1
72,2017,2017-01-24,4,4
73,2017,2017-01-24,5,29
74,2017,2017-01-25,1,9
75,2017,2017-01-25,2,4
76,2017,2017-01-25,3,10
77,2017,2017-01-25,4,8
78,2017,2017-01-25,5,32
79,2017,2017-01-26,1,9
80,2017,2017-01-26,2,3
81,2017,2017-01-26,3,3
82,2017,2017-01-26,4,14
83,2017,2017-01-26,5,57
84,2017,2017-01-27,1,7
85,2017,2017-01-27,2,4
86,2017,2017-01-27,3,2
87,2017,2017-01-27,4,13
88,2017,2017-01-27,5,36
89,2017,2017-01-28,1,3
90,2017,2017-01-28,3,5
91,2017,2017-01-28,4,5
92,2017,2017-01-28,5,16
93,2017,2017-01-29,1,2
94,2017,2017-01-29,2,3
95,2017,2017-01-29,4,7
96,2017,2017-01-29,5,23
97,2017,2017-01-30,1,5
98,2017,2017-01-30,2,1
99,2017,2017-01-30,3,8
100,2017,2017-01-30,4,13
101,2017,2017-01-30,5,24
102,2017,2017-01-31,1,10
103,2017,2017-01-31,2,2
104,2017,2017-01-31,3,5
105,2017,2017-01-31,4,14
106,2017,2017-01-31,5,37
107,2017,2017-02-01,1,14
108,2017,2017-02-01,2,5
109,2017,2017-02-01,3,3
110,2017,2017-02-01,4,11
111,2017,2017-02-01,5,40
112,2017,2017-02-02,1,3
113,2017,2017-02-02,2,3
114,2017,2017-02-02,3,5
115,2017,2017-02-02,4,15
116,2017,2017-02-02,5,43
117,2017,2017-02-03,1,10
118,2017,2017-02-03,2,1
119,2017,2017-02-03,3,7
120,2017,2017-02-03,4,4
121,2017,2017-02-03,5,38
122,2017,2017-02-04,1,6
123,2017,2017-02-04,2,4
124,2017,2017-02-04,3,6
125,2017,2017-02-04,4,14
126,2017,2017-02-04,5,37
127,2017,2017-02-05,1,7
128,2017,2017-02-05,3,7
129,2017,2017-02-05,4,16
130,2017,2017-02-05,5,44
131,2017,2017-02-06,1,10
132,2017,2017-02-06,2,1
133,2017,2017-02-06,3,8
134,2017,2017-02-06,4,16
135,2017,2017-02-06,5,48
136,2017,2017-02-07,1,8
137,2017,2017-02-07,2,3
138,2017,2017-02-07,3,12
139,2017,2017-02-07,4,21
140,2017,2017-02-07,5,68
141,2017,2017-02-08,1,13
142,2017,2017-02-08,2,2
143,2017,2017-02-08,3,6
144,2017,2017-02-08,4,15
145,2017,2017-02-08,5,59
146,2017,2017-02-09,1,6
147,2017,2017-02-09,2,3
148,2017,2017-02-09,3,13
149,2017,2017-02-09,4,15
150,2017,2017-02-09,5,39
151,2017,2017-02-10,1,5
152,2017,2017-02-10,2,3
153,2017,2017-02-10,3,5
154,2017,2017-02-10,4,15
155,2017,2017-02-10,5,38
156,2017,2017-02-11,1,6
157,2017,2017-02-11,2,2
158,2017,2017-02-11,3,2
159,2017,2017-02-11,4,12
160,2017,2017-02-11,5,27
161,2017,2017-02-12,1,5
162,2017,2017-02-12,3,8
163,2017,2017-02-12,4,15
164,2017,2017-02-12,5,35
165,2017,2017-02-13,1,18
166,2017,2017-02-13,2,2
167,2017,2017-02-13,3,5
168,2017,2017-02-13,4,11
169,2017,2017-02-13,5,42
170,2017,2017-02-14,1,12
171,2017,2017-02-14,2,5
172,2017,2017-02-14,3,6
173,2017,2017-02-14,4,12
174,2017,2017-02-14,5,41
175,2017,2017-02-15,1,7
176,2017,2017-02-15,2,3
177,2017,2017-02-15,3,4
178,2017,2017-02-15,4,14
179,2017,2017-02-15,5,33
180,2017,2017-02-16,1,9
181,2017,2017-02-16,3,3
182,2017,2017-02-16,4,7
183,2017,2017-02-16,5,36
184,2017,2017-02-17,1,5
185,2017,2017-02-17,2,3
186,2017,2017-02-17,3,5
187,2017,2017-02-17,4,6
188,2017,2017-02-17,5,27
189,2017,2017-02-18,1,3
190,2017,2017-02-18,2,2
191,2017,2017-02-18,3,6
192,2017,2017-02-18,4,12
193,2017,2017-02-18,5,30
194,2017,2017-02-19,1,11
195,2017,2017-02-19,2,2
196,2017,2017-02-19,3,4
197,2017,2017-02-19,4,6
198,2017,2017-02-19,5,17
199,2017,2017-02-20,1,8
200,2017,2017-02-20,2,2
201,2017,2017-02-20,3,11
202,2017,2017-02-20,4,7
203,2017,2017-02-20,5,34
204,2017,2017-02-21,1,5
205,2017,2017-02-21,2,3
206,2017,2017-02-21,3,3
207,2017,2017-02-21,4,4
208,2017,2017-02-21,5,25
209,2017,2017-02-22,1,14
210,2017,2017-02-22,2,2
211,2017,2017-02-22,3,4
212,2017,2017-02-22,4,11
213,2017,2017-02-22,5,32
214,2017,2017-02-23,1,5
215,2017,2017-02-23,2,1
216,2017,2017-02-23,3,7
217,2017,2017-02-23,4,16
218,2017,2017-02-23,5,30
219,2017,2017-02-24,1,4
220,2017,2017-02-24,2,1
221,2017,2017-02-24,3,9
222,2017,2017-02-24,4,14
223,2017,2017-02-24,5,35
224,2017,2017-02-25,1,7
225,2017,2017-02-25,2,4
226,2017,2017-02-25,3,5
227,2017,2017-02-25,4,8
228,2017,2017-02-25,5,19
229,2017,2017-02-26,1,9
230,2017,2017-02-26,2,2
231,2017,2017-02-26,3,4
232,2017,2017-02-26,4,8
233,2017,2017-02-26,5,23
234,2017,2017-02-27,1,4
235,2017,2017-02-27,2,3
236,2017,2017-02-27,3,3
237,2017,2017-02-27,4,6
238,2017,2017-02-27,5,26
239,2017,2017-02-28,1,8
240,2017,2017-02-28,2,2
241,2017,2017-02-28,3,7
242,2017,2017-02-28,4,14
243,2017,2017-02-28,5,24
244,2017,2017-03-01,1,11
245,2017,2017-03-01,2,3
246,2017,2017-03-01,3,12
247,2017,2017-03-01,4,24
248,2017,2017-03-01,5,50
249,2017,2017-03-02,1,9
250,2017,2017-03-02,2,2
251,2017,2017-03-02,3,5
252,2017,2017-03-02,4,12
253,2017,2017-03-02,5,42
254,2017,2017-03-03,1,7
255,2017,2017-03-03,2,2
256,2017,2017-03-03,3,8
257,2017,2017-03-03,4,13
258,2017,2017-03-03,5,44
259,2017,2017-03-04,1,10
260,2017,2017-03-04,3,8
261,2017,2017-03-04,4,20
262,2017,2017-03-04,5,41
263,2017,2017-03-05,1,6
264,2017,2017-03-05,2,3
265,2017,2017-03-05,3,3
266,2017,2017-03-05,4,16
267,2017,2017-03-05,5,45
268,2017,2017-03-06,1,20
269,2017,2017-03-06,2,2
270,2017,2017-03-06,3,5
271,2017,2017-03-06,4,21
272,2017,2017-03-06,5,56
273,2017,2017-03-07,1,7
274,2017,2017-03-07,2,2
275,2017,2017-03-07,3,12
276,2017,2017-03-07,4,16
277,2017,2017-03-07,5,45
278,2017,2017-03-08,1,10
279,2017,2017-03-08,2,2
280,2017,2017-03-08,3,6
281,2017,2017-03-08,4,17
282,2017,2017-03-08,5,44
283,2017,2017-03-09,1,14
284,2017,2017-03-09,2,3
285,2017,2017-03-09,3,4
286,2017,2017-03-09,4,13
287,2017,2017-03-09,5,57
288,2017,2017-03-10,1,9
289,2017,2017-03-10,2,2
290,2017,2017-03-10,3,4
291,2017,2017-03-10,4,14
292,2017,2017-03-10,5,59
293,2017,2017-03-11,1,7
294,2017,2017-03-11,2,3
295,2017,2017-03-11,3,7
296,2017,2017-03-11,4,16
297,2017,2017-03-11,5,37
298,2017,2017-03-12,1,8
299,2017,2017-03-12,2,1
300,2017,2017-03-12,3,3
301,2017,2017-03-12,4,14
302,2017,2017-03-12,5,37
303,2017,2017-03-13,1,15
304,2017,2017-03-13,2,3
305,2017,2017-03-13,3,9
306,2017,2017-03-13,4,24
307,2017,2017-03-13,5,58
308,2017,2017-03-14,1,13
309,2017,2017-03-14,3,11
310,2017,2017-03-14,4,18
311,2017,2017-03-14,5,56
312,2017,2017-03-15,1,10
313,2017,2017-03-15,3,15
314,2017,2017-03-15,4,26
315,2017,2017-03-15,5,56
316,2017,2017-03-16,1,14
317,2017,2017-03-16,2,2
318,2017,2017-03-16,3,7
319,2017,2017-03-16,4,21
320,2017,2017-03-16,5,59
321,2017,2017-03-17,1,6
322,2017,2017-03-17,2,2
323,2017,2017-03-17,3,9
324,2017,2017-03-17,4,13
325,2017,2017-03-17,5,35
326,2017,2017-03-18,1,7
327,2017,2017-03-18,2,2
328,2017,2017-03-18,3,8
329,2017,2017-03-18,4,14
330,2017,2017-03-18,5,42
331,2017,2017-03-19,1,4
332,2017,2017-03-19,2,2
333,2017,2017-03-19,3,5
334,2017,2017-03-19,4,13
335,2017,2017-03-19,5,31
336,2017,2017-03-20,1,13
337,2017,2017-03-20,2,3
338,2017,2017-03-20,3,13
339,2017,2017-03-20,4,25
340,2017,2017-03-20,5,64
341,2017,2017-03-21,1,13
342,2017,2017-03-21,2,2
343,2017,2017-03-21,3,14
344,2017,2017-03-21,4,17
345,2017,2017-03-21,5,53
346,2017,2017-03-22,1,9
347,2017,2017-03-22,2,5
348,2017,2017-03-22,3,3
349,2017,2017-03-22,4,18
350,2017,2017-03-22,5,70
351,2017,2017-03-23,1,8
352,2017,2017-03-23,2,4
353,2017,2017-03-23,3,15
354,2017,2017-03-23,4,24
355,2017,2017-03-23,5,62
356,2017,2017-03-24,1,10
357,2017,2017-03-24,2,5
358,2017,2017-03-24,3,6
359,2017,2017-03-24,4,15
360,2017,2017-03-24,5,43
361,2017,2017-03-25,1,13
362,2017,2017-03-25,2,2
363,2017,2017-03-25,3,10
364,2017,2017-03-25,4,18
365,2017,2017-03-25,5,35
366,2017,2017-03-26,1,7
367,2017,2017-03-26,2,2
368,2017,2017-03-26,3,8
369,2017,2017-03-26,4,12
370,2017,2017-03-26,5,34
371,2017,2017-03-27,1,8
372,2017,2017-03-27,2,3
373,2017,2017-03-27,3,16
374,2017,2017-03-27,4,25
375,2017,2017-03-27,5,58
376,2017,2017-03-28,1,14
377,2017,2017-03-28,2,2
378,2017,2017-03-28,3,6
379,2017,2017-03-28,4,16
380,2017,2017-03-28,5,65
381,2017,2017-03-29,1,7
382,2017,2017-03-29,2,2
383,2017,2017-03-29,3,8
384,2017,2017-03-29,4,15
385,2017,2017-03-29,5,42
386,2017,2017-03-30,1,9
387,2017,2017-03-30,2,4
388,2017,2017-03-30,3,3
389,2017,2017-03-30,4,12
390,2017,2017-03-30,5,46
391,2017,2017-03-31,1,11
392,2017,2017-03-31,2,1
393,2017,2017-03-31,3,1
394,2017,2017-03-31,4,17
395,2017,2017-03-31,5,39
396,2017,2017-04-01,1,4
397,2017,2017-04-01,2,1
398,2017,2017-04-01,3,3
399,2017,2017-04-01,4,13
400,2017,2017-04-01,5,46
401,2017,2017-04-02,1,3
402,2017,2017-04-02,2,2
403,2017,2017-04-02,3,4
404,2017,2017-04-02,4,8
405,2017,2017-04-02,5,48
406,2017,2017-04-03,1,8
407,2017,2017-04-03,2,1
408,2017,2017-04-03,3,9
409,2017,2017-04-03,4,13
410,2017,2017-04-03,5,40
411,2017,2017-04-04,1,8
412,2017,2017-04-04,2,3
413,2017,2017-04-04,3,5
414,2017,2017-04-04,4,22
415,2017,2017-04-04,5,57
416,2017,2017-04-05,1,6
417,2017,2017-04-05,2,5
418,2017,2017-04-05,3,7
419,2017,2017-04-05,4,9
420,2017,2017-04-05,5,69
421,2017,2017-04-06,1,14
422,2017,2017-04-06,2,4
423,2017,2017-04-06,3,6
424,2017,2017-04-06,4,18
425,2017,2017-04-06,5,54
426,2017,2017-04-07,1,10
427,2017,2017-04-07,2,1
428,2017,2017-04-07,3,4
429,2017,2017-04-07,4,17
430,2017,2017-04-07,5,52
431,2017,2017-04-08,1,12
432,2017,2017-04-08,2,2
433,2017,2017-04-08,3,7
434,2017,2017-04-08,4,15
435,2017,2017-04-08,5,32
436,2017,2017-04-09,1,8
437,2017,2017-04-09,2,5
438,2017,2017-04-09,3,9
439,2017,2017-04-09,4,15
440,2017,2017-04-09,5,35
441,2017,2017-04-10,1,11
442,2017,2017-04-10,2,5
443,2017,2017-04-10,3,11
444,2017,2017-04-10,4,9
445,2017,2017-04-10,5,51
446,2017,2017-04-11,1,8
447,2017,2017-04-11,2,6
448,2017,2017-04-11,3,3
449,2017,2017-04-11,4,19
450,2017,2017-04-11,5,42
451,2017,2017-04-12,1,9
452,2017,2017-04-12,2,4
453,2017,2017-04-12,3,5
454,2017,2017-04-12,4,15
455,2017,2017-04-12,5,29
456,2017,2017-04-13,1,4
457,2017,2017-04-13,2,3
458,2017,2017-04-13,3,5
459,2017,2017-04-13,4,14
460,2017,2017-04-13,5,33
461,2017,2017-04-14,1,6
462,2017,2017-04-14,2,2
463,2017,2017-04-14,3,10
464,2017,2017-04-14,4,15
465,2017,2017-04-14,5,21
466,2017,2017-04-15,1,8
467,2017,2017-04-15,2,3
468,2017,2017-04-15,3,3
469,2017,2017-04-15,4,9
470,2017,2017-04-15,5,29
471,2017,2017-04-16,1,4
472,2017,2017-04-16,2,1
473,2017,2017-04-16,3,9
474,2017,2017-04-16,4,12
475,2017,2017-04-16,5,23
476,2017,2017-04-17,1,8
477,2017,2017-04-17,2,8
478,2017,2017-04-17,3,2
479,2017,2017-04-17,4,13
480,2017,2017-04-17,5,34
481,2017,2017-04-18,1,5
482,2017,2017-04-18,2,4
483,2017,2017-04-18,3,6
484,2017,2017-04-18,4,13
485,2017,2017-04-18,5,43
486,2017,2017-04-19,1,15
487,2017,2017-04-19,2,3
488,2017,2017-04-19,3,11
489,2017,2017-04-19,4,20
490,2017,2017-04-19,5,47
491,2017,2017-04-20,1,18
492,2017,2017-04-20,2,3
493,2017,2017-04-20,3,8
494,2017,2017-04-20,4,19
495,2017,2017-04-20,5,49
496,2017,2017-04-21,1,9
497,2017,2017-04-21,2,4
498,2017,2017-04-21,3,6
499,2017,2017-04-21,4,20
500,2017,2017-04-21,5,27
501,2017,2017-04-22,1,11
502,2017,2017-04-22,2,2
503,2017,2017-04-22,3,13
504,2017,2017-04-22,4,13
505,2017,2017-04-22,5,46
506,2017,2017-04-23,1,10
507,2017,2017-04-23,2,2
508,2017,2017-04-23,3,8
509,2017,2017-04-23,4,24
510,2017,2017-04-23,5,43
511,2017,2017-04-24,1,14
512,2017,2017-04-24,2,6
513,2017,2017-04-24,3,11
514,2017,2017-04-24,4,20
515,2017,2017-04-24,5,63
516,2017,2017-04-25,1,10
517,2017,2017-04-25,2,3
518,2017,2017-04-25,3,10
519,2017,2017-04-25,4,32
520,2017,2017-04-25,5,55
521,2017,2017-04-26,1,11
522,2017,2017-04-26,2,4
523,2017,2017-04-26,3,14
524,2017,2017-04-26,4,28
525,2017,2017-04-26,5,67
526,2017,2017-04-27,1,6
527,2017,2017-04-27,2,4
528,2017,2017-04-27,3,4
529,2017,2017-04-27,4,16
530,2017,2017-04-27,5,50
531,2017,2017-04-28,1,11
532,2017,2017-04-28,2,6
533,2017,2017-04-28,3,7
534,2017,2017-04-28,4,16
535,2017,2017-04-28,5,58
536,2017,2017-04-29,1,7
537,2017,2017-04-29,2,4
538,2017,2017-04-29,3,9
539,2017,2017-04-29,4,16
540,2017,2017-04-29,5,38
541,2017,2017-04-30,1,8
542,2017,2017-04-30,2,2
543,2017,2017-04-30,3,3
544,2017,2017-04-30,4,13
545,2017,2017-04-30,5,42
546,2017,2017-05-01,1,15
547,2017,2017-05-01,2,3
548,2017,2017-05-01,3,9
549,2017,2017-05-01,4,28
550,2017,2017-05-01,5,64
551,2017,2017-05-02,1,17
552,2017,2017-05-02,2,4
553,2017,2017-05-02,3,4
554,2017,2017-05-02,4,28
555,2017,2017-05-02,5,74
556,2017,2017-05-03,1,12
557,2017,2017-05-03,2,3
558,2017,2017-05-03,3,3
559,2017,2017-05-03,4,24
560,2017,2017-05-03,5,61
561,2017,2017-05-04,1,8
562,2017,2017-05-04,2,3
563,2017,2017-05-04,3,12
564,2017,2017-05-04,4,19
565,2017,2017-05-04,5,66
566,2017,2017-05-05,1,16
567,2017,2017-05-05,2,2
568,2017,2017-05-05,3,16
569,2017,2017-05-05,4,19
570,2017,2017-05-05,5,58
571,2017,2017-05-06,1,10
572,2017,2017-05-06,2,2
573,2017,2017-05-06,3,10
574,2017,2017-05-06,4,18
575,2017,2017-05-06,5,69
576,2017,2017-05-07,1,14
577,2017,2017-05-07,2,5
578,2017,2017-05-07,3,8
579,2017,2017-05-07,4,19
580,2017,2017-05-07,5,64
581,2017,2017-05-08,1,5
582,2017,2017-05-08,2,6
583,2017,2017-05-08,3,13
584,2017,2017-05-08,4,19
585,2017,2017-05-08,5,80
586,2017,2017-05-09,1,12
587,2017,2017-05-09,2,5
588,2017,2017-05-09,3,10
589,2017,2017-05-09,4,28
590,2017,2017-05-09,5,73
591,2017,2017-05-10,1,9
592,2017,2017-05-10,2,1
593,2017,2017-05-10,3,12
594,2017,2017-05-10,4,23
595,2017,2017-05-10,5,68
596,2017,2017-05-11,1,11
597,2017,2017-05-11,2,4
598,2017,2017-05-11,3,14
599,2017,2017-05-11,4,18
600,2017,2017-05-11,5,76
601,2017,2017-05-12,1,14
602,2017,2017-05-12,2,6
603,2017,2017-05-12,3,11
604,2017,2017-05-12,4,30
605,2017,2017-05-12,5,53
606,2017,2017-05-13,1,10
607,2017,2017-05-13,2,4
608,2017,2017-05-13,3,8
609,2017,2017-05-13,4,18
610,2017,2017-05-13,5,33
611,2017,2017-05-14,1,13
612,2017,2017-05-14,2,1
613,2017,2017-05-14,3,8
614,2017,2017-05-14,4,26
615,2017,2017-05-14,5,63
616,2017,2017-05-15,1,18
617,2017,2017-05-15,2,11
618,2017,2017-05-15,3,18
619,2017,2017-05-15,4,23
620,2017,2017-05-15,5,86
621,2017,2017-05-16,1,17
622,2017,2017-05-16,2,4
623,2017,2017-05-16,3,6
624,2017,2017-05-16,4,42
625,2017,2017-05-16,5,85
626,2017,2017-05-17,1,10
627,2017,2017-05-17,2,3
628,2017,2017-05-17,3,12
629,2017,2017-05-17,4,29
630,2017,2017-05-17,5,86
631,2017,2017-05-18,1,14
632,2017,2017-05-18,2,3
633,2017,2017-05-18,3,17
634,2017,2017-05-18,4,24
635,2017,2017-05-18,5,66
636,2017,2017-05-19,1,11
637,2017,2017-05-19,2,8
638,2017,2017-05-19,3,19
639,2017,2017-05-19,4,25
640,2017,2017-05-19,5,83
641,2017,2017-05-20,1,8
642,2017,2017-05-20,3,4
643,2017,2017-05-20,4,14
644,2017,2017-05-20,5,44
645,2017,2017-05-21,1,13
646,2017,2017-05-21,2,1
647,2017,2017-05-21,3,9
648,2017,2017-05-21,4,37
649,2017,2017-05-21,5,87
650,2017,2017-05-22,1,14
651,2017,2017-05-22,2,6
652,2017,2017-05-22,3,11
653,2017,2017-05-22,4,25
654,2017,2017-05-22,5,92
655,2017,2017-05-23,1,16
656,2017,2017-05-23,3,12
657,2017,2017-05-23,4,17
658,2017,2017-05-23,5,78
659,2017,2017-05-24,1,5
660,2017,2017-05-24,2,4
661,2017,2017-05-24,3,18
662,2017,2017-05-24,4,29
663,2017,2017-05-24,5,86
664,2017,2017-05-25,1,10
665,2017,2017-05-25,2,2
666,2017,2017-05-25,3,5
667,2017,2017-05-25,4,27
668,2017,2017-05-25,5,64
669,2017,2017-05-26,1,9
670,2017,2017-05-26,2,3
671,2017,2017-05-26,3,7
672,2017,2017-05-26,4,17
673,2017,2017-05-26,5,44
674,2017,2017-05-27,1,7
675,2017,2017-05-27,2,1
676,2017,2017-05-27,3,3
677,2017,2017-05-27,4,24
678,2017,2017-05-27,5,46
679,2017,2017-05-28,1,3
680,2017,2017-05-28,2,1
681,2017,2017-05-28,3,11
682,2017,2017-05-28,4,18
683,2017,2017-05-28,5,64
684,2017,2017-05-29,1,17
685,2017,2017-05-29,2,7
686,2017,2017-05-29,3,18
687,2017,2017-05-29,4,28
688,2017,2017-05-29,5,90
689,2017,2017-05-30,1,11
690,2017,2017-05-30,2,2
691,2017,2017-05-30,3,9
692,2017,2017-05-30,4,19
693,2017,2017-05-30,5,64
694,2017,2017-05-31,1,13
695,2017,2017-05-31,2,3
696,2017,2017-05-31,3,9
697,2017,2017-05-31,4,23
698,2017,2017-05-31,5,81
699,2017,2017-06-01,1,16
700,2017,2017-06-01,2,6
701,2017,2017-06-01,3,13
702,2017,2017-06-01,4,15
703,2017,2017-06-01,5,72
704,2017,2017-06-02,1,11
705,2017,2017-06-02,2,3
706,2017,2017-06-02,3,11
707,2017,2017-06-02,4,29
708,2017,2017-06-02,5,73
709,2017,2017-06-03,1,10
710,2017,2017-06-03,2,2
711,2017,2017-06-03,3,8
712,2017,2017-06-03,4,16
713,2017,2017-06-03,5,49
714,2017,2017-06-04,1,6
715,2017,2017-06-04,2,2
716,2017,2017-06-04,3,5
717,2017,2017-06-04,4,23
718,2017,2017-06-04,5,66
719,2017,2017-06-05,1,16
720,2017,2017-06-05,2,7
721,2017,2017-06-05,3,7
722,2017,2017-06-05,4,35
723,2017,2017-06-05,5,82
724,2017,2017-06-06,1,11
725,2017,2017-06-06,2,4
726,2017,2017-06-06,3,15
727,2017,2017-06-06,4,17
728,2017,2017-06-06,5,84
729,2017,2017-06-07,1,15
730,2017,2017-06-07,2,3
731,2017,2017-06-07,3,14
732,2017,2017-06-07,4,24
733,2017,2017-06-07,5,72
734,2017,2017-06-08,1,11
735,2017,2017-06-08,2,6
736,2017,2017-06-08,3,13
737,2017,2017-06-08,4,29
738,2017,2017-06-08,5,80
739,2017,2017-06-09,1,12
740,2017,2017-06-09,2,2
741,2017,2017-06-09,3,6
742,2017,2017-06-09,4,27
743,2017,2017-06-09,5,60
744,2017,2017-06-10,1,9
745,2017,2017-06-10,2,3
746,2017,2017-06-10,3,12
747,2017,2017-06-10,4,14
748,2017,2017-06-10,5,38
749,2017,2017-06-11,1,10
750,2017,2017-06-11,2,3
751,2017,2017-06-11,3,10
752,2017,2017-06-11,4,21
753,2017,2017-06-11,5,70
754,2017,2017-06-12,1,11
755,2017,2017-06-12,2,5
756,2017,2017-06-12,3,6
757,2017,2017-06-12,4,29
758,2017,2017-06-12,5,74
759,2017,2017-06-13,1,13
760,2017,2017-06-13,2,2
761,2017,2017-06-13,3,10
762,2017,2017-06-13,4,22
763,2017,2017-06-13,5,80
764,2017,2017-06-14,1,14
765,2017,2017-06-14,2,4
766,2017,2017-06-14,3,13
767,2017,2017-06-14,4,28
768,2017,2017-06-14,5,74
769,2017,2017-06-15,1,15
770,2017,2017-06-15,2,3
771,2017,2017-06-15,3,7
772,2017,2017-06-15,4,26
773,2017,2017-06-15,5,59
774,2017,2017-06-16,1,10
775,2017,2017-06-16,2,2
776,2017,2017-06-16,3,10
777,2017,2017-06-16,4,15
778,2017,2017-06-16,5,59
779,2017,2017-06-17,1,12
780,2017,2017-06-17,3,5
781,2017,2017-06-17,4,17
782,2017,2017-06-17,5,40
783,2017,2017-06-18,1,7
784,2017,2017-06-18,2,1
785,2017,2017-06-18,3,9
786,2017,2017-06-18,4,23
787,2017,2017-06-18,5,51
788,2017,2017-06-19,1,16
789,2017,2017-06-19,2,5
790,2017,2017-06-19,3,13
791,2017,2017-06-19,4,36
792,2017,2017-06-19,5,85
793,2017,2017-06-20,1,12
794,2017,2017-06-20,2,4
795,2017,2017-06-20,3,12
796,2017,2017-06-20,4,21
797,2017,2017-06-20,5,45
798,2017,2017-06-21,1,2
799,2017,2017-06-21,3,4
800,2017,2017-06-21,4,4
801,2017,2017-06-21,5,25
802,2017,2017-06-22,1,13
803,2017,2017-06-22,2,3
804,2017,2017-06-22,3,6
805,2017,2017-06-22,4,10
806,2017,2017-06-22,5,55
807,2017,2017-06-23,1,4
808,2017,2017-06-23,2,3
809,2017,2017-06-23,3,6
810,2017,2017-06-23,4,25
811,2017,2017-06-23,5,69
812,2017,2017-06-24,1,5
813,2017,2017-06-24,2,4
814,2017,2017-06-24,3,10
815,2017,2017-06-24,4,13
816,2017,2017-06-24,5,43
817,2017,2017-06-25,1,10
818,2017,2017-06-25,2,2
819,2017,2017-06-25,3,10
820,2017,2017-06-25,4,22
821,2017,2017-06-25,5,61
822,2017,2017-06-26,1,8
823,2017,2017-06-26,2,1
824,2017,2017-06-26,3,6
825,2017,2017-06-26,4,16
826,2017,2017-06-26,5,43
827,2017,2017-06-27,1,12
828,2017,2017-06-27,2,4
829,2017,2017-06-27,3,16
830,2017,2017-06-27,4,23
831,2017,2017-06-27,5,85
832,2017,2017-06-28,1,13
833,2017,2017-06-28,2,2
834,2017,2017-06-28,3,9
835,2017,2017-06-28,4,24
836,2017,2017-06-28,5,71
837,2017,2017-06-29,1,11
838,2017,2017-06-29,2,2
839,2017,2017-06-29,3,10
840,2017,2017-06-29,4,22
841,2017,2017-06-29,5,67
842,2017,2017-06-30,1,6
843,2017,2017-06-30,2,3
844,2017,2017-06-30,3,6
845,2017,2017-06-30,4,17
846,2017,2017-06-30,5,63
847,2017,2017-07-01,1,6
848,2017,2017-07-01,2,7
849,2017,2017-07-01,3,10
850,2017,2017-07-01,4,12
851,2017,2017-07-01,5,45
852,2017,2017-07-02,1,9
853,2017,2017-07-02,2,9
854,2017,2017-07-02,3,4
855,2017,2017-07-02,4,14
856,2017,2017-07-02,5,70
857,2017,2017-07-03,1,11
858,2017,2017-07-03,2,1
859,2017,2017-07-03,3,14
860,2017,2017-07-03,4,17
861,2017,2017-07-03,5,74
862,2017,2017-07-04,1,14
863,2017,2017-07-04,2,4
864,2017,2017-07-04,3,10
865,2017,2017-07-04,4,28
866,2017,2017-07-04,5,66
867,2017,2017-07-05,1,18
868,2017,2017-07-05,2,5
869,2017,2017-07-05,3,6
870,2017,2017-07-05,4,30
871,2017,2017-07-05,5,84
872,2017,2017-07-06,1,11
873,2017,2017-07-06,2,4
874,2017,2017-07-06,3,18
875,2017,2017-07-06,4,40
876,2017,2017-07-06,5,82
877,2017,2017-07-07,1,6
878,2017,2017-07-07,2,1
879,2017,2017-07-07,3,14
880,2017,2017-07-07,4,23
881,2017,2017-07-07,5,74
882,2017,2017-07-08,1,3
883,2017,2017-07-08,3,8
884,2017,2017-07-08,4,18
885,2017,2017-07-08,5,54
886,2017,2017-07-09,1,15
887,2017,2017-07-09,2,2
888,2017,2017-07-09,3,2
889,2017,2017-07-09,4,24
890,2017,2017-07-09,5,51
891,2017,2017-07-10,1,12
892,2017,2017-07-10,2,1
893,2017,2017-07-10,3,11
894,2017,2017-07-10,4,23
895,2017,2017-07-10,5,97
896,2017,2017-07-11,1,10
897,2017,2017-07-11,2,6
898,2017,2017-07-11,3,14
899,2017,2017-07-11,4,34
900,2017,2017-07-11,5,100
901,2017,2017-07-12,1,19
902,2017,2017-07-12,2,6
903,2017,2017-07-12,3,10
904,2017,2017-07-12,4,30
905,2017,2017-07-12,5,86
906,2017,2017-07-13,1,16
907,2017,2017-07-13,2,3
908,2017,2017-07-13,3,18
909,2017,2017-07-13,4,27
910,2017,2017-07-13,5,75
911,2017,2017-07-14,1,9
912,2017,2017-07-14,2,6
913,2017,2017-07-14,3,19
914,2017,2017-07-14,4,31
915,2017,2017-07-14,5,83
916,2017,2017-07-15,1,6
917,2017,2017-07-15,2,2
918,2017,2017-07-15,3,9
919,2017,2017-07-15,4,22
920,2017,2017-07-15,5,56
921,2017,2017-07-16,1,10
922,2017,2017-07-16,2,8
923,2017,2017-07-16,3,7
924,2017,2017-07-16,4,27
925,2017,2017-07-16,5,59
926,2017,2017-07-17,1,18
927,2017,2017-07-17,2,5
928,2017,2017-07-17,3,13
929,2017,2017-07-17,4,31
930,2017,2017-07-17,5,99
931,2017,2017-07-18,1,23
932,2017,2017-07-18,2,7
933,2017,2017-07-18,3,17
934,2017,2017-07-18,4,29
935,2017,2017-07-18,5,118
936,2017,2017-07-19,1,15
937,2017,2017-07-19,2,5
938,2017,2017-07-19,3,13
939,2017,2017-07-19,4,28
940,2017,2017-07-19,5,92
941,2017,2017-07-20,1,8
942,2017,2017-07-20,2,7
943,2017,2017-07-20,3,15
944,2017,2017-07-20,4,31
945,2017,2017-07-20,5,81
946,2017,2017-07-21,1,12
947,2017,2017-07-21,2,5
948,2017,2017-07-21,3,9
949,2017,2017-07-21,4,21
950,2017,2017-07-21,5,68
951,2017,2017-07-22,1,8
952,2017,2017-07-22,2,1
953,2017,2017-07-22,3,12
954,2017,2017-07-22,4,23
955,2017,2017-07-22,5,47
956,2017,2017-07-23,1,8
957,2017,2017-07-23,2,4
958,2017,2017-07-23,3,5
959,2017,2017-07-23,4,26
960,2017,2017-07-23,5,62
961,2017,2017-07-24,1,14
962,2017,2017-07-24,2,3
963,2017,2017-07-24,3,16
964,2017,2017-07-24,4,26
965,2017,2017-07-24,5,104
966,2017,2017-07-25,1,16
967,2017,2017-07-25,2,7
968,2017,2017-07-25,3,12
969,2017,2017-07-25,4,30
970,2017,2017-07-25,5,85
971,2017,2017-07-26,1,6
972,2017,2017-07-26,2,4
973,2017,2017-07-26,3,11
974,2017,2017-07-26,4,20
975,2017,2017-07-26,5,86
976,2017,2017-07-27,1,12
977,2017,2017-07-27,2,2
978,2017,2017-07-27,3,6
979,2017,2017-07-27,4,32
980,2017,2017-07-27,5,73
981,2017,2017-07-28,1,7
982,2017,2017-07-28,2,6
983,2017,2017-07-28,3,5
984,2017,2017-07-28,4,26
985,2017,2017-07-28,5,88
986,2017,2017-07-29,1,17
987,2017,2017-07-29,2,6
988,2017,2017-07-29,3,7
989,2017,2017-07-29,4,15
990,2017,2017-07-29,5,70
991,2017,2017-07-30,1,8
992,2017,2017-07-30,2,4
993,2017,2017-07-30,3,11
994,2017,2017-07-30,4,24
995,2017,2017-07-30,5,68
996,2017,2017-07-31,1,11
997,2017,2017-07-31,2,5
998,2017,2017-07-31,3,19
999,2017,2017-07-31,4,28
1000,2017,2017-07-31,5,85
1001,2017,2017-08-01,1,16
1002,2017,2017-08-01,2,5
1003,2017,2017-08-01,3,10
1004,2017,2017-08-01,4,28
1005,2017,2017-08-01,5,103
1006,2017,2017-08-02,1,21
1007,2017,2017-08-02,2,9
1008,2017,2017-08-02,3,11
1009,2017,2017-08-02,4,29
1010,2017,2017-08-02,5,87
1011,2017,2017-08-03,1,9
1012,2017,2017-08-03,2,1
1013,2017,2017-08-03,3,13
1014,2017,2017-08-03,4,26
1015,2017,2017-08-03,5,98
1016,2017,2017-08-04,1,10
1017,2017,2017-08-04,2,4
1018,2017,2017-08-04,3,11
1019,2017,2017-08-04,4,29
1020,2017,2017-08-04,5,88
1021,2017,2017-08-05,1,9
1022,2017,2017-08-05,2,2
1023,2017,2017-08-05,3,6
1024,2017,2017-08-05,4,23
1025,2017,2017-08-05,5,76
1026,2017,2017-08-06,1,13
1027,2017,2017-08-06,2,5
1028,2017,2017-08-06,3,10
1029,2017,2017-08-06,4,15
1030,2017,2017-08-06,5,67
1031,2017,2017-08-07,1,8
1032,2017,2017-08-07,2,8
1033,2017,2017-08-07,3,7
1034,2017,2017-08-07,4,33
1035,2017,2017-08-07,5,101
1036,2017,2017-08-08,1,5
1037,2017,2017-08-08,2,7
1038,2017,2017-08-08,3,9
1039,2017,2017-08-08,4,38
1040,2017,2017-08-08,5,87
1041,2017,2017-08-09,1,12
1042,2017,2017-08-09,2,6
1043,2017,2017-08-09,3,7
1044,2017,2017-08-09,4,23
1045,2017,2017-08-09,5,94
1046,2017,2017-08-10,1,11
1047,2017,2017-08-10,2,7
1048,2017,2017-08-10,3,17
1049,2017,2017-08-10,4,18
1050,2017,2017-08-10,5,105
1051,2017,2017-08-11,1,13
1052,2017,2017-08-11,2,3
1053,2017,2017-08-11,3,11
1054,2017,2017-08-11,4,34
1055,2017,2017-08-11,5,81
1056,2017,2017-08-12,1,8
1057,2017,2017-08-12,2,2
1058,2017,2017-08-12,3,10
1059,2017,2017-08-12,4,17
1060,2017,2017-08-12,5,58
1061,2017,2017-08-13,1,10
1062,2017,2017-08-13,2,2
1063,2017,2017-08-13,3,8
1064,2017,2017-08-13,4,15
1065,2017,2017-08-13,5,61
1066,2017,2017-08-14,1,12
1067,2017,2017-08-14,2,3
1068,2017,2017-08-14,3,15
1069,2017,2017-08-14,4,31
1070,2017,2017-08-14,5,97
1071,2017,2017-08-15,1,19
1072,2017,2017-08-15,2,3
1073,2017,2017-08-15,3,12
1074,2017,2017-08-15,4,36
1075,2017,2017-08-15,5,124
1076,2017,2017-08-16,1,18
1077,2017,2017-08-16,2,3
1078,2017,2017-08-16,3,8
1079,2017,2017-08-16,4,32
1080,2017,2017-08-16,5,112
1081,2017,2017-08-17,1,18
1082,2017,2017-08-17,2,3
1083,2017,2017-08-17,3,10
1084,2017,2017-08-17,4,26
1085,2017,2017-08-17,5,101
1086,2017,2017-08-18,1,15
1087,2017,2017-08-18,2,4
1088,2017,2017-08-18,3,6
1089,2017,2017-08-18,4,29
1090,2017,2017-08-18,5,91
1091,2017,2017-08-19,1,9
1092,2017,2017-08-19,2,3
1093,2017,2017-08-19,3,8
1094,2017,2017-08-19,4,29
1095,2017,2017-08-19,5,57
1096,2017,2017-08-20,1,9
1097,2017,2017-08-20,2,2
1098,2017,2017-08-20,3,6
1099,2017,2017-08-20,4,26
1100,2017,2017-08-20,5,60
1101,2017,2017-08-21,1,14
1102,2017,2017-08-21,2,4
1103,2017,2017-08-21,3,15
1104,2017,2017-08-21,4,31
1105,2017,2017-08-21,5,113
1106,2017,2017-08-22,1,11
1107,2017,2017-08-22,2,3
1108,2017,2017-08-22,3,16
1109,2017,2017-08-22,4,18
1110,2017,2017-08-22,5,90
1111,2017,2017-08-23,1,10
1112,2017,2017-08-23,2,5
1113,2017,2017-08-23,3,4
1114,2017,2017-08-23,4,23
1115,2017,2017-08-23,5,69
1116,2017,2017-08-24,1,10
1117,2017,2017-08-24,2,2
1118,2017,2017-08-24,3,13
1119,2017,2017-08-24,4,27
1120,2017,2017-08-24,5,75
1121,2017,2017-08-25,1,10
1122,2017,2017-08-25,2,8
1123,2017,2017-08-25,3,9
1124,2017,2017-08-25,4,31
1125,2017,2017-08-25,5,65
1126,2017,2017-08-26,1,5
1127,2017,2017-08-26,2,5
1128,2017,2017-08-26,3,6
1129,2017,2017-08-26,4,22
1130,2017,2017-08-26,5,54
1131,2017,2017-08-27,1,14
1132,2017,2017-08-27,2,4
1133,2017,2017-08-27,3,7
1134,2017,2017-08-27,4,26
1135,2017,2017-08-27,5,70
1136,2017,2017-08-28,1,13
1137,2017,2017-08-28,2,1
1138,2017,2017-08-28,3,6
1139,2017,2017-08-28,4,27
1140,2017,2017-08-28,5,104
1141,2017,2017-08-29,1,9
1142,2017,2017-08-29,2,3
1143,2017,2017-08-29,3,15
1144,2017,2017-08-29,4,37
1145,2017,2017-08-29,5,74
1146,2017,2017-08-30,1,14
1147,2017,2017-08-30,2,5
1148,2017,2017-08-30,3,6
1149,2017,2017-08-30,4,44
1150,2017,2017-08-30,5,111
1151,2017,2017-08-31,1,15
1152,2017,2017-08-31,2,3
1153,2017,2017-08-31,3,7
1154,2017,2017-08-31,4,29
1155,2017,2017-08-31,5,94
1156,2017,2017-09-01,1,19
1157,2017,2017-09-01,2,6
1158,2017,2017-09-01,3,17
1159,2017,2017-09-01,4,27
1160,2017,2017-09-01,5,90
1161,2017,2017-09-02,1,3
1162,2017,2017-09-02,2,1
1163,2017,2017-09-02,3,6
1164,2017,2017-09-02,4,21
1165,2017,2017-09-02,5,73
1166,2017,2017-09-03,1,7
1167,2017,2017-09-03,2,1
1168,2017,2017-09-03,3,8
1169,2017,2017-09-03,4,30
1170,2017,2017-09-03,5,80
1171,2017,2017-09-04,1,13
1172,2017,2017-09-04,2,8
1173,2017,2017-09-04,3,7
1174,2017,2017-09-04,4,28
1175,2017,2017-09-04,5,95
1176,2017,2017-09-05,1,19
1177,2017,2017-09-05,2,4
1178,2017,2017-09-05,3,14
1179,2017,2017-09-05,4,32
1180,2017,2017-09-05,5,86
1181,2017,2017-09-06,1,16
1182,2017,2017-09-06,2,3
1183,2017,2017-09-06,3,15
1184,2017,2017-09-06,4,26
1185,2017,2017-09-06,5,78
1186,2017,2017-09-07,1,5
1187,2017,2017-09-07,2,3
1188,2017,2017-09-07,3,7
1189,2017,2017-09-07,4,25
1190,2017,2017-09-07,5,58
1191,2017,2017-09-08,1,11
1192,2017,2017-09-08,2,3
1193,2017,2017-09-08,3,5
1194,2017,2017-09-08,4,19
1195,2017,2017-09-08,5,78
1196,2017,2017-09-09,1,9
1197,2017,2017-09-09,2,5
1198,2017,2017-09-09,3,13
1199,2017,2017-09-09,4,16
1200,2017,2017-09-09,5,61
1201,2017,2017-09-10,1,8
1202,2017,2017-09-10,2,6
1203,2017,2017-09-10,3,14
1204,2017,2017-09-10,4,24
1205,2017,2017-09-10,5,82
1206,2017,2017-09-11,1,16
1207,2017,2017-09-11,2,2
1208,2017,2017-09-11,3,13
1209,2017,2017-09-11,4,31
1210,2017,2017-09-11,5,117
1211,2017,2017-09-12,1,25
1212,2017,2017-09-12,2,6
1213,2017,2017-09-12,3,14
1214,2017,2017-09-12,4,43
1215,2017,2017-09-12,5,116
1216,2017,2017-09-13,1,20
1217,2017,2017-09-13,2,6
1218,2017,2017-09-13,3,22
1219,2017,2017-09-13,4,37
1220,2017,2017-09-13,5,120
1221,2017,2017-09-14,1,19
1222,2017,2017-09-14,2,4
1223,2017,2017-09-14,3,16
1224,2017,2017-09-14,4,38
1225,2017,2017-09-14,5,88
1226,2017,2017-09-15,1,15
1227,2017,2017-09-15,2,3
1228,2017,2017-09-15,3,13
1229,2017,2017-09-15,4,27
1230,2017,2017-09-15,5,89
1231,2017,2017-09-16,1,11
1232,2017,2017-09-16,2,6
1233,2017,2017-09-16,3,11
1234,2017,2017-09-16,4,32
1235,2017,2017-09-16,5,67
1236,2017,2017-09-17,1,13
1237,2017,2017-09-17,2,4
1238,2017,2017-09-17,3,8
1239,2017,2017-09-17,4,27
1240,2017,2017-09-17,5,73
1241,2017,2017-09-18,1,20
1242,2017,2017-09-18,2,11
1243,2017,2017-09-18,3,5
1244,2017,2017-09-18,4,30
1245,2017,2017-09-18,5,114
1246,2017,2017-09-19,1,15
1247,2017,2017-09-19,2,6
1248,2017,2017-09-19,3,11
1249,2017,2017-09-19,4,35
1250,2017,2017-09-19,5,86
1251,2017,2017-09-20,1,15
1252,2017,2017-09-20,2,4
1253,2017,2017-09-20,3,7
1254,2017,2017-09-20,4,32
1255,2017,2017-09-20,5,104
1256,2017,2017-09-21,1,18
1257,2017,2017-09-21,2,6
1258,2017,2017-09-21,3,8
1259,2017,2017-09-21,4,22
1260,2017,2017-09-21,5,96
1261,2017,2017-09-22,1,10
1262,2017,2017-09-22,2,6
1263,2017,2017-09-22,3,13
1264,2017,2017-09-22,4,27
1265,2017,2017-09-22,5,82
1266,2017,2017-09-23,1,8
1267,2017,2017-09-23,2,2
1268,2017,2017-09-23,3,7
1269,2017,2017-09-23,4,24
1270,2017,2017-09-23,5,46
1271,2017,2017-09-24,1,12
1272,2017,2017-09-24,2,5
1273,2017,2017-09-24,3,4
1274,2017,2017-09-24,4,20
1275,2017,2017-09-24,5,78
1276,2017,2017-09-25,1,10
1277,2017,2017-09-25,2,4
1278,2017,2017-09-25,3,15
1279,2017,2017-09-25,4,26
1280,2017,2017-09-25,5,80
1281,2017,2017-09-26,1,11
1282,2017,2017-09-26,2,4
1283,2017,2017-09-26,3,10
1284,2017,2017-09-26,4,36
1285,2017,2017-09-26,5,119
1286,2017,2017-09-27,1,12
1287,2017,2017-09-27,2,2
1288,2017,2017-09-27,3,6
1289,2017,2017-09-27,4,36
1290,2017,2017-09-27,5,90
1291,2017,2017-09-28,1,11
1292,2017,2017-09-28,2,3
1293,2017,2017-09-28,3,17
1294,2017,2017-09-28,4,26
1295,2017,2017-09-28,5,86
1296,2017,2017-09-29,1,13
1297,2017,2017-09-29,2,6
1298,2017,2017-09-29,3,9
1299,2017,2017-09-29,4,21
1300,2017,2017-09-29,5,72
1301,2017,2017-09-30,1,9
1302,2017,2017-09-30,2,8
1303,2017,2017-09-30,3,4
1304,2017,2017-09-30,4,23
1305,2017,2017-09-30,5,64
1306,2017,2017-10-01,1,12
1307,2017,2017-10-01,2,4
1308,2017,2017-10-01,3,9
1309,2017,2017-10-01,4,36
1310,2017,2017-10-01,5,68
1311,2017,2017-10-02,1,16
1312,2017,2017-10-02,2,2
1313,2017,2017-10-02,3,12
1314,2017,2017-10-02,4,34
1315,2017,2017-10-02,5,79
1316,2017,2017-10-03,1,20
1317,2017,2017-10-03,2,7
1318,2017,2017-10-03,3,15
1319,2017,2017-10-03,4,46
1320,2017,2017-10-03,5,111
1321,2017,2017-10-04,1,7
1322,2017,2017-10-04,2,3
1323,2017,2017-10-04,3,17
1324,2017,2017-10-04,4,34
1325,2017,2017-10-04,5,94
1326,2017,2017-10-05,1,15
1327,2017,2017-10-05,2,11
1328,2017,2017-10-05,3,16
1329,2017,2017-10-05,4,22
1330,2017,2017-10-05,5,74
1331,2017,2017-10-06,1,17
1332,2017,2017-10-06,2,7
1333,2017,2017-10-06,3,9
1334,2017,2017-10-06,4,26
1335,2017,2017-10-06,5,71
1336,2017,2017-10-07,1,13
1337,2017,2017-10-07,2,3
1338,2017,2017-10-07,3,8
1339,2017,2017-10-07,4,25
1340,2017,2017-10-07,5,56
1341,2017,2017-10-08,1,9
1342,2017,2017-10-08,2,2
1343,2017,2017-10-08,3,12
1344,2017,2017-10-08,4,25
1345,2017,2017-10-08,5,78
1346,2017,2017-10-09,1,23
1347,2017,2017-10-09,2,6
1348,2017,2017-10-09,3,10
1349,2017,2017-10-09,4,40
1350,2017,2017-10-09,5,112
1351,2017,2017-10-10,1,20
1352,2017,2017-10-10,2,5
1353,2017,2017-10-10,3,14
1354,2017,2017-10-10,4,42
1355,2017,2017-10-10,5,102
1356,2017,2017-10-11,1,19
1357,2017,2017-10-11,2,3
1358,2017,2017-10-11,3,10
1359,2017,2017-10-11,4,27
1360,2017,2017-10-11,5,97
1361,2017,2017-10-12,1,18
1362,2017,2017-10-12,2,3
1363,2017,2017-10-12,3,12
1364,2017,2017-10-12,4,31
1365,2017,2017-10-12,5,78
1366,2017,2017-10-13,1,13
1367,2017,2017-10-13,2,5
1368,2017,2017-10-13,3,16
1369,2017,2017-10-13,4,37
1370,2017,2017-10-13,5,82
1371,2017,2017-10-14,1,9
1372,2017,2017-10-14,3,14
1373,2017,2017-10-14,4,23
1374,2017,2017-10-14,5,69
1375,2017,2017-10-15,1,15
1376,2017,2017-10-15,2,2
1377,2017,2017-10-15,3,11
1378,2017,2017-10-15,4,22
1379,2017,2017-10-15,5,71
1380,2017,2017-10-16,1,21
1381,2017,2017-10-16,2,9
1382,2017,2017-10-16,3,10
1383,2017,2017-10-16,4,31
1384,2017,2017-10-16,5,122
1385,2017,2017-10-17,1,20
1386,2017,2017-10-17,2,3
1387,2017,2017-10-17,3,20
1388,2017,2017-10-17,4,34
1389,2017,2017-10-17,5,124
1390,2017,2017-10-18,1,21
1391,2017,2017-10-18,2,2
1392,2017,2017-10-18,3,9
1393,2017,2017-10-18,4,32
1394,2017,2017-10-18,5,114
1395,2017,2017-10-19,1,26
1396,2017,2017-10-19,2,3
1397,2017,2017-10-19,3,18
1398,2017,2017-10-19,4,38
1399,2017,2017-10-19,5,91
1400,2017,2017-10-20,1,16
1401,2017,2017-10-20,2,3
1402,2017,2017-10-20,3,9
1403,2017,2017-10-20,4,25
1404,2017,2017-10-20,5,71
1405,2017,2017-10-21,1,14
1406,2017,2017-10-21,2,3
1407,2017,2017-10-21,3,14
1408,2017,2017-10-21,4,23
1409,2017,2017-10-21,5,59
1410,2017,2017-10-22,1,23
1411,2017,2017-10-22,2,3
1412,2017,2017-10-22,3,6
1413,2017,2017-10-22,4,25
1414,2017,2017-10-22,5,100
1415,2017,2017-10-23,1,19
1416,2017,2017-10-23,2,5
1417,2017,2017-10-23,3,15
1418,2017,2017-10-23,4,40
1419,2017,2017-10-23,5,84
1420,2017,2017-10-24,1,9
1421,2017,2017-10-24,2,2
1422,2017,2017-10-24,3,16
1423,2017,2017-10-24,4,34
1424,2017,2017-10-24,5,101
1425,2017,2017-10-25,1,10
1426,2017,2017-10-25,2,4
1427,2017,2017-10-25,3,14
1428,2017,2017-10-25,4,32
1429,2017,2017-10-25,5,96
1430,2017,2017-10-26,1,15
1431,2017,2017-10-26,2,3
1432,2017,2017-10-26,3,13
1433,2017,2017-10-26,4,31
1434,2017,2017-10-26,5,80
1435,2017,2017-10-27,1,14
1436,2017,2017-10-27,2,3
1437,2017,2017-10-27,3,14
1438,2017,2017-10-27,4,29
1439,2017,2017-10-27,5,71
1440,2017,2017-10-28,1,9
1441,2017,2017-10-28,3,8
1442,2017,2017-10-28,4,18
1443,2017,2017-10-28,5,53
1444,2017,2017-10-29,1,13
1445,2017,2017-10-29,2,4
1446,2017,2017-10-29,3,8
1447,2017,2017-10-29,4,24
1448,2017,2017-10-29,5,81
1449,2017,2017-10-30,1,18
1450,2017,2017-10-30,2,5
1451,2017,2017-10-30,3,11
1452,2017,2017-10-30,4,26
1453,2017,2017-10-30,5,89
1454,2017,2017-10-31,1,17
1455,2017,2017-10-31,2,3
1456,2017,2017-10-31,3,17
1457,2017,2017-10-31,4,34
1458,2017,2017-10-31,5,86
1459,2017,2017-11-01,1,12
1460,2017,2017-11-01,2,2
1461,2017,2017-11-01,3,5
1462,2017,2017-11-01,4,18
1463,2017,2017-11-01,5,74
1464,2017,2017-11-02,1,14
1465,2017,2017-11-02,2,8
1466,2017,2017-11-02,3,10
1467,2017,2017-11-02,4,30
1468,2017,2017-11-02,5,62
1469,2017,2017-11-03,1,17
1470,2017,2017-11-03,2,3
1471,2017,2017-11-03,3,15
1472,2017,2017-11-03,4,27
1473,2017,2017-11-03,5,81
1474,2017,2017-11-04,1,17
1475,2017,2017-11-04,2,1
1476,2017,2017-11-04,3,8
1477,2017,2017-11-04,4,15
1478,2017,2017-11-04,5,70
1479,2017,2017-11-05,1,14
1480,2017,2017-11-05,2,8
1481,2017,2017-11-05,3,14
1482,2017,2017-11-05,4,29
1483,2017,2017-11-05,5,81
1484,2017,2017-11-06,1,27
1485,2017,2017-11-06,2,1
1486,2017,2017-11-06,3,21
1487,2017,2017-11-06,4,30
1488,2017,2017-11-06,5,111
1489,2017,2017-11-07,1,13
1490,2017,2017-11-07,2,8
1491,2017,2017-11-07,3,17
1492,2017,2017-11-07,4,27
1493,2017,2017-11-07,5,94
1494,2017,2017-11-08,1,19
1495,2017,2017-11-08,2,9
1496,2017,2017-11-08,3,16
1497,2017,2017-11-08,4,33
1498,2017,2017-11-08,5,98
1499,2017,2017-11-09,1,21
1500,2017,2017-11-09,2,7
1501,2017,2017-11-09,3,16
1502,2017,2017-11-09,4,37
1503,2017,2017-11-09,5,108
1504,2017,2017-11-10,1,20
1505,2017,2017-11-10,2,4
1506,2017,2017-11-10,3,16
1507,2017,2017-11-10,4,38
1508,2017,2017-11-10,5,83
1509,2017,2017-11-11,1,15
1510,2017,2017-11-11,2,3
1511,2017,2017-11-11,3,12
1512,2017,2017-11-11,4,48
1513,2017,2017-11-11,5,78
1514,2017,2017-11-12,1,15
1515,2017,2017-11-12,2,6
1516,2017,2017-11-12,3,18
1517,2017,2017-11-12,4,35
1518,2017,2017-11-12,5,100
1519,2017,2017-11-13,1,22
1520,2017,2017-11-13,2,6
1521,2017,2017-11-13,3,12
1522,2017,2017-11-13,4,47
1523,2017,2017-11-13,5,117
1524,2017,2017-11-14,1,33
1525,2017,2017-11-14,2,2
1526,2017,2017-11-14,3,11
1527,2017,2017-11-14,4,38
1528,2017,2017-11-14,5,109
1529,2017,2017-11-15,1,21
1530,2017,2017-11-15,2,10
1531,2017,2017-11-15,3,21
1532,2017,2017-11-15,4,30
1533,2017,2017-11-15,5,101
1534,2017,2017-11-16,1,18
1535,2017,2017-11-16,2,8
1536,2017,2017-11-16,3,20
1537,2017,2017-11-16,4,42
1538,2017,2017-11-16,5,137
1539,2017,2017-11-17,1,31
1540,2017,2017-11-17,2,7
1541,2017,2017-11-17,3,11
1542,2017,2017-11-17,4,42
1543,2017,2017-11-17,5,103
1544,2017,2017-11-18,1,21
1545,2017,2017-11-18,2,5
1546,2017,2017-11-18,3,11
1547,2017,2017-11-18,4,29
1548,2017,2017-11-18,5,84
1549,2017,2017-11-19,1,13
1550,2017,2017-11-19,2,3
1551,2017,2017-11-19,3,9
1552,2017,2017-11-19,4,33
1553,2017,2017-11-19,5,100
1554,2017,2017-11-20,1,36
1555,2017,2017-11-20,2,6
1556,2017,2017-11-20,3,24
1557,2017,2017-11-20,4,37
1558,2017,2017-11-20,5,124
1559,2017,2017-11-21,1,26
1560,2017,2017-11-21,2,11
1561,2017,2017-11-21,3,14
1562,2017,2017-11-21,4,51
1563,2017,2017-11-21,5,123
1564,2017,2017-11-22,1,37
1565,2017,2017-11-22,2,6
1566,2017,2017-11-22,3,15
1567,2017,2017-11-22,4,41
1568,2017,2017-11-22,5,102
1569,2017,2017-11-23,1,51
1570,2017,2017-11-23,2,15
1571,2017,2017-11-23,3,30
1572,2017,2017-11-23,4,39
1573,2017,2017-11-23,5,146
1574,2017,2017-11-24,1,217
1575,2017,2017-11-24,2,48
1576,2017,2017-11-24,3,128
1577,2017,2017-11-24,4,218
1578,2017,2017-11-24,5,558
1579,2017,2017-11-25,1,103
1580,2017,2017-11-25,2,22
1581,2017,2017-11-25,3,46
1582,2017,2017-11-25,4,94
1583,2017,2017-11-25,5,230
1584,2017,2017-11-26,1,63
1585,2017,2017-11-26,2,14
1586,2017,2017-11-26,3,44
1587,2017,2017-11-26,4,78
1588,2017,2017-11-26,5,189
1589,2017,2017-11-27,1,81
1590,2017,2017-11-27,2,14
1591,2017,2017-11-27,3,39
1592,2017,2017-11-27,4,70
1593,2017,2017-11-27,5,199
1594,2017,2017-11-28,1,64
1595,2017,2017-11-28,2,12
1596,2017,2017-11-28,3,34
1597,2017,2017-11-28,4,61
1598,2017,2017-11-28,5,207
1599,2017,2017-11-29,1,57
1600,2017,2017-11-29,2,13
1601,2017,2017-11-29,3,31
1602,2017,2017-11-29,4,67
1603,2017,2017-11-29,5,150
1604,2017,2017-11-30,1,36
1605,2017,2017-11-30,2,13
1606,2017,2017-11-30,3,20
1607,2017,2017-11-30,4,54
1608,2017,2017-11-30,5,143
1609,2017,2017-12-01,1,41
1610,2017,2017-12-01,2,8
1611,2017,2017-12-01,3,25
1612,2017,2017-12-01,4,64
1613,2017,2017-12-01,5,139
1614,2017,2017-12-02,1,39
1615,2017,2017-12-02,2,2
1616,2017,2017-12-02,3,17
1617,2017,2017-12-02,4,49
1618,2017,2017-12-02,5,108
1619,2017,2017-12-03,1,39
1620,2017,2017-12-03,2,13
1621,2017,2017-12-03,3,17
1622,2017,2017-12-03,4,36
1623,2017,2017-12-03,5,128
1624,2017,2017-12-04,1,53
1625,2017,2017-12-04,2,11
1626,2017,2017-12-04,3,24
1627,2017,2017-12-04,4,67
1628,2017,2017-12-04,5,176
1629,2017,2017-12-05,1,43
1630,2017,2017-12-05,2,12
1631,2017,2017-12-05,3,15
1632,2017,2017-12-05,4,55
1633,2017,2017-12-05,5,155
1634,2017,2017-12-06,1,36
1635,2017,2017-12-06,2,8
1636,2017,2017-12-06,3,25
1637,2017,2017-12-06,4,60
1638,2017,2017-12-06,5,145
1639,2017,2017-12-07,1,32
1640,2017,2017-12-07,2,10
1641,2017,2017-12-07,3,21
1642,2017,2017-12-07,4,33
1643,2017,2017-12-07,5,132
1644,2017,2017-12-08,1,34
1645,2017,2017-12-08,2,9
1646,2017,2017-12-08,3,16
1647,2017,2017-12-08,4,43
1648,2017,2017-12-08,5,113
1649,2017,2017-12-09,1,18
1650,2017,2017-12-09,2,5
1651,2017,2017-12-09,3,17
1652,2017,2017-12-09,4,35
1653,2017,2017-12-09,5,78
1654,2017,2017-12-10,1,21
1655,2017,2017-12-10,2,8
1656,2017,2017-12-10,3,18
1657,2017,2017-12-10,4,34
1658,2017,2017-12-10,5,107
1659,2017,2017-12-11,1,30
1660,2017,2017-12-11,2,10
1661,2017,2017-12-11,3,25
1662,2017,2017-12-11,4,66
1663,2017,2017-12-11,5,132
1664,2017,2017-12-12,1,38
1665,2017,2017-12-12,2,13
1666,2017,2017-12-12,3,17
1667,2017,2017-12-12,4,55
1668,2017,2017-12-12,5,134
1669,2017,2017-12-13,1,25
1670,2017,2017-12-13,2,12
1671,2017,2017-12-13,3,20
1672,2017,2017-12-13,4,50
1673,2017,2017-12-13,5,112
1674,2017,2017-12-14,1,23
1675,2017,2017-12-14,2,8
1676,2017,2017-12-14,3,15
1677,2017,2017-12-14,4,47
1678,2017,2017-12-14,5,104
1679,2017,2017-12-15,1,25
1680,2017,2017-12-15,2,4
1681,2017,2017-12-15,3,21
1682,2017,2017-12-15,4,41
1683,2017,2017-12-15,5,100
1684,2017,2017-12-16,1,13
1685,2017,2017-12-16,2,5
1686,2017,2017-12-16,3,7
1687,2017,2017-12-16,4,28
1688,2017,2017-12-16,5,75
1689,2017,2017-12-17,1,8
1690,2017,2017-12-17,2,9
1691,2017,2017-12-17,3,16
1692,2017,2017-12-17,4,23
1693,2017,2017-12-17,5,77
1694,2017,2017-12-18,1,24
1695,2017,2017-12-18,2,7
1696,2017,2017-12-18,3,13
1697,2017,2017-12-18,4,32
1698,2017,2017-12-18,5,133
1699,2017,2017-12-19,1,16
1700,2017,2017-12-19,2,3
1701,2017,2017-12-19,3,14
1702,2017,2017-12-19,4,28
1703,2017,2017-12-19,5,113
1704,2017,2017-12-20,1,22
1705,2017,2017-12-20,2,3
1706,2017,2017-12-20,3,18
1707,2017,2017-12-20,4,33
1708,2017,2017-12-20,5,93
1709,2017,2017-12-21,1,16
1710,2017,2017-12-21,2,5
1711,2017,2017-12-21,3,13
1712,2017,2017-12-21,4,29
1713,2017,2017-12-21,5,80
1714,2017,2017-12-22,1,11
1715,2017,2017-12-22,2,5
1716,2017,2017-12-22,3,9
1717,2017,2017-12-22,4,20
1718,2017,2017-12-22,5,66
1719,2017,2017-12-23,1,18
1720,2017,2017-12-23,2,2
1721,2017,2017-12-23,3,6
1722,2017,2017-12-23,4,21
1723,2017,2017-12-23,5,59
1724,2017,2017-12-24,1,5
1725,2017,2017-12-24,2,2
1726,2017,2017-12-24,3,5
1727,2017,2017-12-24,4,10
1728,2017,2017-12-24,5,36
1729,2017,2017-12-25,1,8
1730,2017,2017-12-25,2,4
1731,2017,2017-12-25,3,6
1732,2017,2017-12-25,4,26
1733,2017,2017-12-25,5,45
1734,2017,2017-12-26,1,16
1735,2017,2017-12-26,2,5
1736,2017,2017-12-26,3,13
1737,2017,2017-12-26,4,26
1738,2017,2017-12-26,5,108
1739,2017,2017-12-27,1,15
1740,2017,2017-12-27,2,6
1741,2017,2017-12-27,3,8
1742,2017,2017-12-27,4,30
1743,2017,2017-12-27,5,107
1744,2017,2017-12-28,1,14
1745,2017,2017-12-28,2,4
1746,2017,2017-12-28,3,15
1747,2017,2017-12-28,4,22
1748,2017,2017-12-28,5,88
1749,2017,2017-12-29,1,11
1750,2017,2017-12-29,2,8
1751,2017,2017-12-29,3,9
1752,2017,2017-12-29,4,27
1753,2017,2017-12-29,5,79
1754,2017,2017-12-30,1,10
1755,2017,2017-12-30,2,7
1756,2017,2017-12-30,3,9
1757,2017,2017-12-30,4,18
1758,2017,2017-12-30,5,51
1759,2017,2017-12-31,1,8
1760,2017,2017-12-31,2,1
1761,2017,2017-12-31,3,8
1762,2017,2017-12-31,4,15
1763,2017,2017-12-31,5,41
1764,2018,2018-01-01,1,11
1765,2018,2018-01-01,3,8
1766,2018,2018-01-01,4,13
1767,2018,2018-01-01,5,42
1768,2018,2018-01-02,1,22
1769,2018,2018-01-02,2,9
1770,2018,2018-01-02,3,14
1771,2018,2018-01-02,4,39
1772,2018,2018-01-02,5,118
1773,2018,2018-01-03,1,27
1774,2018,2018-01-03,2,6
1775,2018,2018-01-03,3,17
1776,2018,2018-01-03,4,42
1777,2018,2018-01-03,5,129
1778,2018,2018-01-04,1,20
1779,2018,2018-01-04,2,15
1780,2018,2018-01-04,3,28
1781,2018,2018-01-04,4,53
1782,2018,2018-01-04,5,141
1783,2018,2018-01-05,1,28
1784,2018,2018-01-05,2,9
1785,2018,2018-01-05,3,20
1786,2018,2018-01-05,4,29
1787,2018,2018-01-05,5,124
1788,2018,2018-01-06,1,25
1789,2018,2018-01-06,2,7
1790,2018,2018-01-06,3,27
1791,2018,2018-01-06,4,32
1792,2018,2018-01-06,5,121
1793,2018,2018-01-07,1,18
1794,2018,2018-01-07,2,5
1795,2018,2018-01-07,3,21
1796,2018,2018-01-07,4,37
1797,2018,2018-01-07,5,114
1798,2018,2018-01-08,1,29
1799,2018,2018-01-08,2,11
1800,2018,2018-01-08,3,23
1801,2018,2018-01-08,4,63
1802,2018,2018-01-08,5,165
1803,2018,2018-01-09,1,25
1804,2018,2018-01-09,2,10
1805,2018,2018-01-09,3,23
1806,2018,2018-01-09,4,42
1807,2018,2018-01-09,5,152
1808,2018,2018-01-10,1,34
1809,2018,2018-01-10,2,4
1810,2018,2018-01-10,3,21
1811,2018,2018-01-10,4,59
1812,2018,2018-01-10,5,155
1813,2018,2018-01-11,1,29
1814,2018,2018-01-11,2,4
1815,2018,2018-01-11,3,23
1816,2018,2018-01-11,4,47
1817,2018,2018-01-11,5,162
1818,2018,2018-01-12,1,37
1819,2018,2018-01-12,2,7
1820,2018,2018-01-12,3,22
1821,2018,2018-01-12,4,51
1822,2018,2018-01-12,5,127
1823,2018,2018-01-13,1,19
1824,2018,2018-01-13,2,9
1825,2018,2018-01-13,3,18
1826,2018,2018-01-13,4,44
1827,2018,2018-01-13,5,127
1828,2018,2018-01-14,1,24
1829,2018,2018-01-14,2,10
1830,2018,2018-01-14,3,27
1831,2018,2018-01-14,4,46
1832,2018,2018-01-14,5,128
1833,2018,2018-01-15,1,37
1834,2018,2018-01-15,2,8
1835,2018,2018-01-15,3,24
1836,2018,2018-01-15,4,57
1837,2018,2018-01-15,5,177
1838,2018,2018-01-16,1,40
1839,2018,2018-01-16,2,14
1840,2018,2018-01-16,3,32
1841,2018,2018-01-16,4,56
1842,2018,2018-01-16,5,159
1843,2018,2018-01-17,1,30
1844,2018,2018-01-17,2,7
1845,2018,2018-01-17,3,28
1846,2018,2018-01-17,4,56
1847,2018,2018-01-17,5,160
1848,2018,2018-01-18,1,30
1849,2018,2018-01-18,2,9
1850,2018,2018-01-18,3,18
1851,2018,2018-01-18,4,49
1852,2018,2018-01-18,5,135
1853,2018,2018-01-19,1,43
1854,2018,2018-01-19,2,6
1855,2018,2018-01-19,3,24
1856,2018,2018-01-19,4,40
1857,2018,2018-01-19,5,119
1858,2018,2018-01-20,1,19
1859,2018,2018-01-20,2,3
1860,2018,2018-01-20,3,16
1861,2018,2018-01-20,4,25
1862,2018,2018-01-20,5,115
1863,2018,2018-01-21,1,31
1864,2018,2018-01-21,2,7
1865,2018,2018-01-21,3,14
1866,2018,2018-01-21,4,34
1867,2018,2018-01-21,5,108
1868,2018,2018-01-22,1,49
1869,2018,2018-01-22,2,12
1870,2018,2018-01-22,3,27
1871,2018,2018-01-22,4,54
1872,2018,2018-01-22,5,171
1873,2018,2018-01-23,1,31
1874,2018,2018-01-23,2,11
1875,2018,2018-01-23,3,19
1876,2018,2018-01-23,4,31
1877,2018,2018-01-23,5,166
1878,2018,2018-01-24,1,31
1879,2018,2018-01-24,2,9
1880,2018,2018-01-24,3,31
1881,2018,2018-01-24,4,52
1882,2018,2018-01-24,5,119
1883,2018,2018-01-25,1,29
1884,2018,2018-01-25,2,8
1885,2018,2018-01-25,3,26
1886,2018,2018-01-25,4,47
1887,2018,2018-01-25,5,124
1888,2018,2018-01-26,1,31
1889,2018,2018-01-26,2,9
1890,2018,2018-01-26,3,22
1891,2018,2018-01-26,4,47
1892,2018,2018-01-26,5,120
1893,2018,2018-01-27,1,21
1894,2018,2018-01-27,2,4
1895,2018,2018-01-27,3,12
1896,2018,2018-01-27,4,31
1897,2018,2018-01-27,5,84
1898,2018,2018-01-28,1,15
1899,2018,2018-01-28,2,6
1900,2018,2018-01-28,3,9
1901,2018,2018-01-28,4,26
1902,2018,2018-01-28,5,98
1903,2018,2018-01-29,1,31
1904,2018,2018-01-29,2,6
1905,2018,2018-01-29,3,32
1906,2018,2018-01-29,4,45
1907,2018,2018-01-29,5,128
1908,2018,2018-01-30,1,36
1909,2018,2018-01-30,2,13
1910,2018,2018-01-30,3,22
1911,2018,2018-01-30,4,51
1912,2018,2018-01-30,5,136
1913,2018,2018-01-31,1,25
1914,2018,2018-01-31,2,7
1915,2018,2018-01-31,3,20
1916,2018,2018-01-31,4,52
1917,2018,2018-01-31,5,153
1918,2018,2018-02-01,1,22
1919,2018,2018-02-01,2,8
1920,2018,2018-02-01,3,22
1921,2018,2018-02-01,4,46
1922,2018,2018-02-01,5,133
1923,2018,2018-02-02,1,38
1924,2018,2018-02-02,2,6
1925,2018,2018-02-02,3,14
1926,2018,2018-02-02,4,43
1927,2018,2018-02-02,5,112
1928,2018,2018-02-03,1,15
1929,2018,2018-02-03,2,5
1930,2018,2018-02-03,3,16
1931,2018,2018-02-03,4,43
1932,2018,2018-02-03,5,111
1933,2018,2018-02-04,1,20
1934,2018,2018-02-04,2,7
1935,2018,2018-02-04,3,20
1936,2018,2018-02-04,4,38
1937,2018,2018-02-04,5,115
1938,2018,2018-02-05,1,35
1939,2018,2018-02-05,2,10
1940,2018,2018-02-05,3,22
1941,2018,2018-02-05,4,56
1942,2018,2018-02-05,5,147
1943,2018,2018-02-06,1,40
1944,2018,2018-02-06,2,12
1945,2018,2018-02-06,3,25
1946,2018,2018-02-06,4,53
1947,2018,2018-02-06,5,136
1948,2018,2018-02-07,1,27
1949,2018,2018-02-07,2,7
1950,2018,2018-02-07,3,19
1951,2018,2018-02-07,4,57
1952,2018,2018-02-07,5,134
1953,2018,2018-02-08,1,32
1954,2018,2018-02-08,2,9
1955,2018,2018-02-08,3,26
1956,2018,2018-02-08,4,39
1957,2018,2018-02-08,5,125
1958,2018,2018-02-09,1,31
1959,2018,2018-02-09,2,6
1960,2018,2018-02-09,3,22
1961,2018,2018-02-09,4,35
1962,2018,2018-02-09,5,122
1963,2018,2018-02-10,1,26
1964,2018,2018-02-10,2,6
1965,2018,2018-02-10,3,16
1966,2018,2018-02-10,4,33
1967,2018,2018-02-10,5,99
1968,2018,2018-02-11,1,37
1969,2018,2018-02-11,2,7
1970,2018,2018-02-11,3,17
1971,2018,2018-02-11,4,38
1972,2018,2018-02-11,5,73
1973,2018,2018-02-12,1,37
1974,2018,2018-02-12,2,8
1975,2018,2018-02-12,3,31
1976,2018,2018-02-12,4,40
1977,2018,2018-02-12,5,103
1978,2018,2018-02-13,1,40
1979,2018,2018-02-13,2,6
1980,2018,2018-02-13,3,20
1981,2018,2018-02-13,4,29
1982,2018,2018-02-13,5,128
1983,2018,2018-02-14,1,33
1984,2018,2018-02-14,2,7
1985,2018,2018-02-14,3,25
1986,2018,2018-02-14,4,67
1987,2018,2018-02-14,5,162
1988,2018,2018-02-15,1,53
1989,2018,2018-02-15,2,10
1990,2018,2018-02-15,3,20
1991,2018,2018-02-15,4,70
1992,2018,2018-02-15,5,129
1993,2018,2018-02-16,1,40
1994,2018,2018-02-16,2,9
1995,2018,2018-02-16,3,27
1996,2018,2018-02-16,4,36
1997,2018,2018-02-16,5,103
1998,2018,2018-02-17,1,32
1999,2018,2018-02-17,2,8
2000,2018,2018-02-17,3,19
2001,2018,2018-02-17,4,42
2002,2018,2018-02-17,5,100
2003,2018,2018-02-18,1,32
2004,2018,2018-02-18,2,3
2005,2018,2018-02-18,3,20
2006,2018,2018-02-18,4,36
2007,2018,2018-02-18,5,109
2008,2018,2018-02-19,1,40
2009,2018,2018-02-19,2,9
2010,2018,2018-02-19,3,21
2011,2018,2018-02-19,4,51
2012,2018,2018-02-19,5,135
2013,2018,2018-02-20,1,43
2014,2018,2018-02-20,2,11
2015,2018,2018-02-20,3,34
2016,2018,2018-02-20,4,57
2017,2018,2018-02-20,5,143
2018,2018,2018-02-21,1,46
2019,2018,2018-02-21,2,10
2020,2018,2018-02-21,3,19
2021,2018,2018-02-21,4,45
2022,2018,2018-02-21,5,140
2023,2018,2018-02-22,1,65
2024,2018,2018-02-22,2,15
2025,2018,2018-02-22,3,28
2026,2018,2018-02-22,4,47
2027,2018,2018-02-22,5,126
2028,2018,2018-02-23,1,41
2029,2018,2018-02-23,2,17
2030,2018,2018-02-23,3,16
2031,2018,2018-02-23,4,36
2032,2018,2018-02-23,5,124
2033,2018,2018-02-24,1,37
2034,2018,2018-02-24,2,8
2035,2018,2018-02-24,3,22
2036,2018,2018-02-24,4,31
2037,2018,2018-02-24,5,92
2038,2018,2018-02-25,1,58
2039,2018,2018-02-25,2,10
2040,2018,2018-02-25,3,25
2041,2018,2018-02-25,4,39
2042,2018,2018-02-25,5,105
2043,2018,2018-02-26,1,78
2044,2018,2018-02-26,2,12
2045,2018,2018-02-26,3,24
2046,2018,2018-02-26,4,58
2047,2018,2018-02-26,5,122
2048,2018,2018-02-27,1,78
2049,2018,2018-02-27,2,12
2050,2018,2018-02-27,3,32
2051,2018,2018-02-27,4,53
2052,2018,2018-02-27,5,126
2053,2018,2018-02-28,1,71
2054,2018,2018-02-28,2,15
2055,2018,2018-02-28,3,29
2056,2018,2018-02-28,4,55
2057,2018,2018-02-28,5,144
2058,2018,2018-03-01,1,66
2059,2018,2018-03-01,2,10
2060,2018,2018-03-01,3,30
2061,2018,2018-03-01,4,55
2062,2018,2018-03-01,5,113
2063,2018,2018-03-02,1,72
2064,2018,2018-03-02,2,8
2065,2018,2018-03-02,3,28
2066,2018,2018-03-02,4,38
2067,2018,2018-03-02,5,119
2068,2018,2018-03-03,1,49
2069,2018,2018-03-03,2,4
2070,2018,2018-03-03,3,19
2071,2018,2018-03-03,4,47
2072,2018,2018-03-03,5,94
2073,2018,2018-03-04,1,53
2074,2018,2018-03-04,2,10
2075,2018,2018-03-04,3,31
2076,2018,2018-03-04,4,37
2077,2018,2018-03-04,5,105
2078,2018,2018-03-05,1,71
2079,2018,2018-03-05,2,11
2080,2018,2018-03-05,3,28
2081,2018,2018-03-05,4,45
2082,2018,2018-03-05,5,104
2083,2018,2018-03-06,1,60
2084,2018,2018-03-06,2,22
2085,2018,2018-03-06,3,22
2086,2018,2018-03-06,4,58
2087,2018,2018-03-06,5,110
2088,2018,2018-03-07,1,61
2089,2018,2018-03-07,2,4
2090,2018,2018-03-07,3,21
2091,2018,2018-03-07,4,46
2092,2018,2018-03-07,5,121
2093,2018,2018-03-08,1,47
2094,2018,2018-03-08,2,7
2095,2018,2018-03-08,3,27
2096,2018,2018-03-08,4,38
2097,2018,2018-03-08,5,115
2098,2018,2018-03-09,1,44
2099,2018,2018-03-09,2,8
2100,2018,2018-03-09,3,26
2101,2018,2018-03-09,4,39
2102,2018,2018-03-09,5,87
2103,2018,2018-03-10,1,46
2104,2018,2018-03-10,2,5
2105,2018,2018-03-10,3,22
2106,2018,2018-03-10,4,34
2107,2018,2018-03-10,5,82
2108,2018,2018-03-11,1,50
2109,2018,2018-03-11,2,5
2110,2018,2018-03-11,3,23
2111,2018,2018-03-11,4,39
2112,2018,2018-03-11,5,100
2113,2018,2018-03-12,1,44
2114,2018,2018-03-12,2,15
2115,2018,2018-03-12,3,13
2116,2018,2018-03-12,4,40
2117,2018,2018-03-12,5,115
2118,2018,2018-03-13,1,40
2119,2018,2018-03-13,2,12
2120,2018,2018-03-13,3,26
2121,2018,2018-03-13,4,49
2122,2018,2018-03-13,5,96
2123,2018,2018-03-14,1,40
2124,2018,2018-03-14,2,8
2125,2018,2018-03-14,3,20
2126,2018,2018-03-14,4,39
2127,2018,2018-03-14,5,92
2128,2018,2018-03-15,1,59
2129,2018,2018-03-15,2,13
2130,2018,2018-03-15,3,36
2131,2018,2018-03-15,4,47
2132,2018,2018-03-15,5,135
2133,2018,2018-03-16,1,57
2134,2018,2018-03-16,2,13
2135,2018,2018-03-16,3,31
2136,2018,2018-03-16,4,42
2137,2018,2018-03-16,5,108
2138,2018,2018-03-17,1,29
2139,2018,2018-03-17,2,9
2140,2018,2018-03-17,3,15
2141,2018,2018-03-17,4,34
2142,2018,2018-03-17,5,93
2143,2018,2018-03-18,1,30
2144,2018,2018-03-18,2,5
2145,2018,2018-03-18,3,12
2146,2018,2018-03-18,4,46
2147,2018,2018-03-18,5,120
2148,2018,2018-03-19,1,57
2149,2018,2018-03-19,2,15
2150,2018,2018-03-19,3,22
2151,2018,2018-03-19,4,50
2152,2018,2018-03-19,5,157
2153,2018,2018-03-20,1,44
2154,2018,2018-03-20,2,10
2155,2018,2018-03-20,3,21
2156,2018,2018-03-20,4,59
2157,2018,2018-03-20,5,165
2158,2018,2018-03-21,1,40
2159,2018,2018-03-21,2,4
2160,2018,2018-03-21,3,19
2161,2018,2018-03-21,4,56
2162,2018,2018-03-21,5,166
2163,2018,2018-03-22,1,42
2164,2018,2018-03-22,2,11
2165,2018,2018-03-22,3,22
2166,2018,2018-03-22,4,45
2167,2018,2018-03-22,5,132
2168,2018,2018-03-23,1,31
2169,2018,2018-03-23,2,4
2170,2018,2018-03-23,3,19
2171,2018,2018-03-23,4,43
2172,2018,2018-03-23,5,124
2173,2018,2018-03-24,1,23
2174,2018,2018-03-24,2,6
2175,2018,2018-03-24,3,8
2176,2018,2018-03-24,4,34
2177,2018,2018-03-24,5,93
2178,2018,2018-03-25,1,24
2179,2018,2018-03-25,2,7
2180,2018,2018-03-25,3,16
2181,2018,2018-03-25,4,53
2182,2018,2018-03-25,5,89
2183,2018,2018-03-26,1,33
2184,2018,2018-03-26,2,6
2185,2018,2018-03-26,3,26
2186,2018,2018-03-26,4,50
2187,2018,2018-03-26,5,155
2188,2018,2018-03-27,1,25
2189,2018,2018-03-27,2,11
2190,2018,2018-03-27,3,15
2191,2018,2018-03-27,4,48
2192,2018,2018-03-27,5,143
2193,2018,2018-03-28,1,36
2194,2018,2018-03-28,2,5
2195,2018,2018-03-28,3,19
2196,2018,2018-03-28,4,53
2197,2018,2018-03-28,5,107
2198,2018,2018-03-29,1,37
2199,2018,2018-03-29,2,5
2200,2018,2018-03-29,3,22
2201,2018,2018-03-29,4,38
2202,2018,2018-03-29,5,91
2203,2018,2018-03-30,1,21
2204,2018,2018-03-30,2,10
2205,2018,2018-03-30,3,12
2206,2018,2018-03-30,4,30
2207,2018,2018-03-30,5,90
2208,2018,2018-03-31,1,28
2209,2018,2018-03-31,2,9
2210,2018,2018-03-31,3,10
2211,2018,2018-03-31,4,26
2212,2018,2018-03-31,5,94
2213,2018,2018-04-01,1,27
2214,2018,2018-04-01,2,12
2215,2018,2018-04-01,3,19
2216,2018,2018-04-01,4,40
2217,2018,2018-04-01,5,109
2218,2018,2018-04-02,1,31
2219,2018,2018-04-02,2,9
2220,2018,2018-04-02,3,20
2221,2018,2018-04-02,4,55
2222,2018,2018-04-02,5,161
2223,2018,2018-04-03,1,21
2224,2018,2018-04-03,2,9
2225,2018,2018-04-03,3,25
2226,2018,2018-04-03,4,46
2227,2018,2018-04-03,5,144
2228,2018,2018-04-04,1,35
2229,2018,2018-04-04,2,5
2230,2018,2018-04-04,3,18
2231,2018,2018-04-04,4,53
2232,2018,2018-04-04,5,145
2233,2018,2018-04-05,1,17
2234,2018,2018-04-05,2,7
2235,2018,2018-04-05,3,18
2236,2018,2018-04-05,4,57
2237,2018,2018-04-05,5,164
2238,2018,2018-04-06,1,25
2239,2018,2018-04-06,2,8
2240,2018,2018-04-06,3,17
2241,2018,2018-04-06,4,38
2242,2018,2018-04-06,5,101
2243,2018,2018-04-07,1,20
2244,2018,2018-04-07,2,6
2245,2018,2018-04-07,3,10
2246,2018,2018-04-07,4,35
2247,2018,2018-04-07,5,94
2248,2018,2018-04-08,1,21
2249,2018,2018-04-08,2,3
2250,2018,2018-04-08,3,17
2251,2018,2018-04-08,4,37
2252,2018,2018-04-08,5,107
2253,2018,2018-04-09,1,18
2254,2018,2018-04-09,2,7
2255,2018,2018-04-09,3,18
2256,2018,2018-04-09,4,44
2257,2018,2018-04-09,5,164
2258,2018,2018-04-10,1,20
2259,2018,2018-04-10,2,10
2260,2018,2018-04-10,3,19
2261,2018,2018-04-10,4,39
2262,2018,2018-04-10,5,109
2263,2018,2018-04-11,1,30
2264,2018,2018-04-11,2,7
2265,2018,2018-04-11,3,20
2266,2018,2018-04-11,4,46
2267,2018,2018-04-11,5,166
2268,2018,2018-04-12,1,21
2269,2018,2018-04-12,2,10
2270,2018,2018-04-12,3,19
2271,2018,2018-04-12,4,46
2272,2018,2018-04-12,5,157
2273,2018,2018-04-13,1,22
2274,2018,2018-04-13,2,4
2275,2018,2018-04-13,3,12
2276,2018,2018-04-13,4,47
2277,2018,2018-04-13,5,116
2278,2018,2018-04-14,1,18
2279,2018,2018-04-14,2,4
2280,2018,2018-04-14,3,17
2281,2018,2018-04-14,4,25
2282,2018,2018-04-14,5,81
2283,2018,2018-04-15,1,23
2284,2018,2018-04-15,2,7
2285,2018,2018-04-15,3,20
2286,2018,2018-04-15,4,44
2287,2018,2018-04-15,5,127
2288,2018,2018-04-16,1,23
2289,2018,2018-04-16,2,13
2290,2018,2018-04-16,3,21
2291,2018,2018-04-16,4,51
2292,2018,2018-04-16,5,172
2293,2018,2018-04-17,1,23
2294,2018,2018-04-17,2,8
2295,2018,2018-04-17,3,14
2296,2018,2018-04-17,4,62
2297,2018,2018-04-17,5,156
2298,2018,2018-04-18,1,35
2299,2018,2018-04-18,2,7
2300,2018,2018-04-18,3,19
2301,2018,2018-04-18,4,45
2302,2018,2018-04-18,5,173
2303,2018,2018-04-19,1,27
2304,2018,2018-04-19,2,11
2305,2018,2018-04-19,3,18
2306,2018,2018-04-19,4,66
2307,2018,2018-04-19,5,170
2308,2018,2018-04-20,1,18
2309,2018,2018-04-20,2,5
2310,2018,2018-04-20,3,15
2311,2018,2018-04-20,4,43
2312,2018,2018-04-20,5,115
2313,2018,2018-04-21,1,11
2314,2018,2018-04-21,2,7
2315,2018,2018-04-21,3,11
2316,2018,2018-04-21,4,34
2317,2018,2018-04-21,5,93
2318,2018,2018-04-22,1,22
2319,2018,2018-04-22,2,6
2320,2018,2018-04-22,3,10
2321,2018,2018-04-22,4,34
2322,2018,2018-04-22,5,127
2323,2018,2018-04-23,1,28
2324,2018,2018-04-23,2,9
2325,2018,2018-04-23,3,13
2326,2018,2018-04-23,4,74
2327,2018,2018-04-23,5,160
2328,2018,2018-04-24,1,28
2329,2018,2018-04-24,2,9
2330,2018,2018-04-24,3,15
2331,2018,2018-04-24,4,54
2332,2018,2018-04-24,5,162
2333,2018,2018-04-25,1,23
2334,2018,2018-04-25,2,6
2335,2018,2018-04-25,3,21
2336,2018,2018-04-25,4,59
2337,2018,2018-04-25,5,174
2338,2018,2018-04-26,1,17
2339,2018,2018-04-26,2,9
2340,2018,2018-04-26,3,15
2341,2018,2018-04-26,4,42
2342,2018,2018-04-26,5,170
2343,2018,2018-04-27,1,20
2344,2018,2018-04-27,2,3
2345,2018,2018-04-27,3,20
2346,2018,2018-04-27,4,64
2347,2018,2018-04-27,5,134
2348,2018,2018-04-28,1,16
2349,2018,2018-04-28,2,5
2350,2018,2018-04-28,3,21
2351,2018,2018-04-28,4,31
2352,2018,2018-04-28,5,91
2353,2018,2018-04-29,1,19
2354,2018,2018-04-29,2,5
2355,2018,2018-04-29,3,18
2356,2018,2018-04-29,4,33
2357,2018,2018-04-29,5,95
2358,2018,2018-04-30,1,15
2359,2018,2018-04-30,2,10
2360,2018,2018-04-30,3,17
2361,2018,2018-04-30,4,39
2362,2018,2018-04-30,5,157
2363,2018,2018-05-01,1,27
2364,2018,2018-05-01,2,8
2365,2018,2018-05-01,3,16
2366,2018,2018-05-01,4,54
2367,2018,2018-05-01,5,151
2368,2018,2018-05-02,1,24
2369,2018,2018-05-02,2,11
2370,2018,2018-05-02,3,14
2371,2018,2018-05-02,4,55
2372,2018,2018-05-02,5,191
2373,2018,2018-05-03,1,21
2374,2018,2018-05-03,2,7
2375,2018,2018-05-03,3,25
2376,2018,2018-05-03,4,54
2377,2018,2018-05-03,5,197
2378,2018,2018-05-04,1,17
2379,2018,2018-05-04,2,8
2380,2018,2018-05-04,3,23
2381,2018,2018-05-04,4,46
2382,2018,2018-05-04,5,168
2383,2018,2018-05-05,1,22
2384,2018,2018-05-05,2,10
2385,2018,2018-05-05,3,12
2386,2018,2018-05-05,4,38
2387,2018,2018-05-05,5,113
2388,2018,2018-05-06,1,24
2389,2018,2018-05-06,2,6
2390,2018,2018-05-06,3,18
2391,2018,2018-05-06,4,39
2392,2018,2018-05-06,5,123
2393,2018,2018-05-07,1,34
2394,2018,2018-05-07,2,4
2395,2018,2018-05-07,3,28
2396,2018,2018-05-07,4,71
2397,2018,2018-05-07,5,232
2398,2018,2018-05-08,1,29
2399,2018,2018-05-08,2,12
2400,2018,2018-05-08,3,19
2401,2018,2018-05-08,4,62
2402,2018,2018-05-08,5,209
2403,2018,2018-05-09,1,35
2404,2018,2018-05-09,2,10
2405,2018,2018-05-09,3,23
2406,2018,2018-05-09,4,69
2407,2018,2018-05-09,5,205
2408,2018,2018-05-10,1,28
2409,2018,2018-05-10,2,4
2410,2018,2018-05-10,3,28
2411,2018,2018-05-10,4,46
2412,2018,2018-05-10,5,172
2413,2018,2018-05-11,1,27
2414,2018,2018-05-11,2,11
2415,2018,2018-05-11,3,12
2416,2018,2018-05-11,4,46
2417,2018,2018-05-11,5,149
2418,2018,2018-05-12,1,22
2419,2018,2018-05-12,2,8
2420,2018,2018-05-12,3,24
2421,2018,2018-05-12,4,35
2422,2018,2018-05-12,5,118
2423,2018,2018-05-13,1,18
2424,2018,2018-05-13,2,4
2425,2018,2018-05-13,3,23
2426,2018,2018-05-13,4,45
2427,2018,2018-05-13,5,117
2428,2018,2018-05-14,1,29
2429,2018,2018-05-14,2,12
2430,2018,2018-05-14,3,36
2431,2018,2018-05-14,4,78
2432,2018,2018-05-14,5,208
2433,2018,2018-05-15,1,41
2434,2018,2018-05-15,2,4
2435,2018,2018-05-15,3,23
2436,2018,2018-05-15,4,58
2437,2018,2018-05-15,5,224
2438,2018,2018-05-16,1,34
2439,2018,2018-05-16,2,11
2440,2018,2018-05-16,3,35
2441,2018,2018-05-16,4,64
2442,2018,2018-05-16,5,210
2443,2018,2018-05-17,1,29
2444,2018,2018-05-17,2,3
2445,2018,2018-05-17,3,20
2446,2018,2018-05-17,4,48
2447,2018,2018-05-17,5,127
2448,2018,2018-05-18,1,24
2449,2018,2018-05-18,2,8
2450,2018,2018-05-18,3,24
2451,2018,2018-05-18,4,58
2452,2018,2018-05-18,5,124
2453,2018,2018-05-19,1,15
2454,2018,2018-05-19,2,3
2455,2018,2018-05-19,3,15
2456,2018,2018-05-19,4,27
2457,2018,2018-05-19,5,79
2458,2018,2018-05-20,1,24
2459,2018,2018-05-20,2,3
2460,2018,2018-05-20,3,14
2461,2018,2018-05-20,4,36
2462,2018,2018-05-20,5,84
2463,2018,2018-05-21,1,27
2464,2018,2018-05-21,2,2
2465,2018,2018-05-21,3,16
2466,2018,2018-05-21,4,36
2467,2018,2018-05-21,5,122
2468,2018,2018-05-22,1,18
2469,2018,2018-05-22,2,9
2470,2018,2018-05-22,3,18
2471,2018,2018-05-22,4,33
2472,2018,2018-05-22,5,119
2473,2018,2018-05-23,1,9
2474,2018,2018-05-23,2,1
2475,2018,2018-05-23,3,11
2476,2018,2018-05-23,4,26
2477,2018,2018-05-23,5,85
2478,2018,2018-05-24,1,3
2479,2018,2018-05-24,2,3
2480,2018,2018-05-24,3,7
2481,2018,2018-05-24,4,27
2482,2018,2018-05-24,5,72
2483,2018,2018-05-25,1,6
2484,2018,2018-05-25,2,2
2485,2018,2018-05-25,3,7
2486,2018,2018-05-25,4,17
2487,2018,2018-05-25,5,72
2488,2018,2018-05-26,1,5
2489,2018,2018-05-26,2,5
2490,2018,2018-05-26,3,6
2491,2018,2018-05-26,4,16
2492,2018,2018-05-26,5,66
2493,2018,2018-05-27,1,10
2494,2018,2018-05-27,2,2
2495,2018,2018-05-27,3,7
2496,2018,2018-05-27,4,23
2497,2018,2018-05-27,5,58
2498,2018,2018-05-28,1,9
2499,2018,2018-05-28,3,15
2500,2018,2018-05-28,4,26
2501,2018,2018-05-28,5,93
2502,2018,2018-05-29,1,10
2503,2018,2018-05-29,2,1
2504,2018,2018-05-29,3,12
2505,2018,2018-05-29,4,34
2506,2018,2018-05-29,5,92
2507,2018,2018-05-30,1,9
2508,2018,2018-05-30,2,4
2509,2018,2018-05-30,3,10
2510,2018,2018-05-30,4,26
2511,2018,2018-05-30,5,90
2512,2018,2018-05-31,1,11
2513,2018,2018-05-31,3,12
2514,2018,2018-05-31,4,30
2515,2018,2018-05-31,5,80
2516,2018,2018-06-01,1,14
2517,2018,2018-06-01,2,6
2518,2018,2018-06-01,3,19
2519,2018,2018-06-01,4,46
2520,2018,2018-06-01,5,99
2521,2018,2018-06-02,1,16
2522,2018,2018-06-02,2,4
2523,2018,2018-06-02,3,7
2524,2018,2018-06-02,4,23
2525,2018,2018-06-02,5,92
2526,2018,2018-06-03,1,16
2527,2018,2018-06-03,2,6
2528,2018,2018-06-03,3,14
2529,2018,2018-06-03,4,32
2530,2018,2018-06-03,5,121
2531,2018,2018-06-04,1,11
2532,2018,2018-06-04,2,10
2533,2018,2018-06-04,3,12
2534,2018,2018-06-04,4,42
2535,2018,2018-06-04,5,150
2536,2018,2018-06-05,1,16
2537,2018,2018-06-05,2,7
2538,2018,2018-06-05,3,15
2539,2018,2018-06-05,4,36
2540,2018,2018-06-05,5,126
2541,2018,2018-06-06,1,25
2542,2018,2018-06-06,2,8
2543,2018,2018-06-06,3,20
2544,2018,2018-06-06,4,48
2545,2018,2018-06-06,5,126
2546,2018,2018-06-07,1,25
2547,2018,2018-06-07,2,8
2548,2018,2018-06-07,3,25
2549,2018,2018-06-07,4,36
2550,2018,2018-06-07,5,127
2551,2018,2018-06-08,1,22
2552,2018,2018-06-08,2,7
2553,2018,2018-06-08,3,15
2554,2018,2018-06-08,4,33
2555,2018,2018-06-08,5,121
2556,2018,2018-06-09,1,10
2557,2018,2018-06-09,2,5
2558,2018,2018-06-09,3,11
2559,2018,2018-06-09,4,36
2560,2018,2018-06-09,5,109
2561,2018,2018-06-10,1,20
2562,2018,2018-06-10,2,6
2563,2018,2018-06-10,3,14
2564,2018,2018-06-10,4,43
2565,2018,2018-06-10,5,110
2566,2018,2018-06-11,1,21
2567,2018,2018-06-11,2,9
2568,2018,2018-06-11,3,26
2569,2018,2018-06-11,4,40
2570,2018,2018-06-11,5,197
2571,2018,2018-06-12,1,22
2572,2018,2018-06-12,2,7
2573,2018,2018-06-12,3,14
2574,2018,2018-06-12,4,44
2575,2018,2018-06-12,5,157
2576,2018,2018-06-13,1,28
2577,2018,2018-06-13,2,8
2578,2018,2018-06-13,3,9
2579,2018,2018-06-13,4,53
2580,2018,2018-06-13,5,161
2581,2018,2018-06-14,1,9
2582,2018,2018-06-14,2,4
2583,2018,2018-06-14,3,13
2584,2018,2018-06-14,4,39
2585,2018,2018-06-14,5,147
2586,2018,2018-06-15,1,14
2587,2018,2018-06-15,2,5
2588,2018,2018-06-15,3,16
2589,2018,2018-06-15,4,39
2590,2018,2018-06-15,5,112
2591,2018,2018-06-16,1,16
2592,2018,2018-06-16,2,5
2593,2018,2018-06-16,3,8
2594,2018,2018-06-16,4,18
2595,2018,2018-06-16,5,117
2596,2018,2018-06-17,1,7
2597,2018,2018-06-17,2,4
2598,2018,2018-06-17,3,11
2599,2018,2018-06-17,4,24
2600,2018,2018-06-17,5,106
2601,2018,2018-06-18,1,12
2602,2018,2018-06-18,2,2
2603,2018,2018-06-18,3,16
2604,2018,2018-06-18,4,38
2605,2018,2018-06-18,5,178
2606,2018,2018-06-19,1,11
2607,2018,2018-06-19,2,9
2608,2018,2018-06-19,3,10
2609,2018,2018-06-19,4,47
2610,2018,2018-06-19,5,154
2611,2018,2018-06-20,1,14
2612,2018,2018-06-20,2,11
2613,2018,2018-06-20,3,11
2614,2018,2018-06-20,4,41
2615,2018,2018-06-20,5,140
2616,2018,2018-06-21,1,21
2617,2018,2018-06-21,2,4
2618,2018,2018-06-21,3,12
2619,2018,2018-06-21,4,56
2620,2018,2018-06-21,5,139
2621,2018,2018-06-22,1,11
2622,2018,2018-06-22,2,4
2623,2018,2018-06-22,3,16
2624,2018,2018-06-22,4,34
2625,2018,2018-06-22,5,111
2626,2018,2018-06-23,1,12
2627,2018,2018-06-23,2,7
2628,2018,2018-06-23,3,12
2629,2018,2018-06-23,4,23
2630,2018,2018-06-23,5,96
2631,2018,2018-06-24,1,11
2632,2018,2018-06-24,2,3
2633,2018,2018-06-24,3,15
2634,2018,2018-06-24,4,34
2635,2018,2018-06-24,5,135
2636,2018,2018-06-25,1,17
2637,2018,2018-06-25,2,6
2638,2018,2018-06-25,3,11
2639,2018,2018-06-25,4,46
2640,2018,2018-06-25,5,160
2641,2018,2018-06-26,1,19
2642,2018,2018-06-26,2,10
2643,2018,2018-06-26,3,19
2644,2018,2018-06-26,4,38
2645,2018,2018-06-26,5,156
2646,2018,2018-06-27,1,14
2647,2018,2018-06-27,2,3
2648,2018,2018-06-27,3,9
2649,2018,2018-06-27,4,45
2650,2018,2018-06-27,5,141
2651,2018,2018-06-28,1,20
2652,2018,2018-06-28,2,5
2653,2018,2018-06-28,3,14
2654,2018,2018-06-28,4,56
2655,2018,2018-06-28,5,145
2656,2018,2018-06-29,1,17
2657,2018,2018-06-29,2,3
2658,2018,2018-06-29,3,13
2659,2018,2018-06-29,4,30
2660,2018,2018-06-29,5,110
2661,2018,2018-06-30,1,12
2662,2018,2018-06-30,2,3
2663,2018,2018-06-30,3,7
2664,2018,2018-06-30,4,20
2665,2018,2018-06-30,5,82
2666,2018,2018-07-01,1,13
2667,2018,2018-07-01,2,5
2668,2018,2018-07-01,3,12
2669,2018,2018-07-01,4,22
2670,2018,2018-07-01,5,109
2671,2018,2018-07-02,1,9
2672,2018,2018-07-02,2,1
2673,2018,2018-07-02,3,10
2674,2018,2018-07-02,4,42
2675,2018,2018-07-02,5,132
2676,2018,2018-07-03,1,10
2677,2018,2018-07-03,2,3
2678,2018,2018-07-03,3,12
2679,2018,2018-07-03,4,46
2680,2018,2018-07-03,5,145
2681,2018,2018-07-04,1,18
2682,2018,2018-07-04,2,6
2683,2018,2018-07-04,3,18
2684,2018,2018-07-04,4,41
2685,2018,2018-07-04,5,169
2686,2018,2018-07-05,1,23
2687,2018,2018-07-05,2,3
2688,2018,2018-07-05,3,21
2689,2018,2018-07-05,4,37
2690,2018,2018-07-05,5,111
2691,2018,2018-07-06,1,4
2692,2018,2018-07-06,2,3
2693,2018,2018-07-06,3,10
2694,2018,2018-07-06,4,25
2695,2018,2018-07-06,5,78
2696,2018,2018-07-07,1,4
2697,2018,2018-07-07,2,1
2698,2018,2018-07-07,3,6
2699,2018,2018-07-07,4,17
2700,2018,2018-07-07,5,63
2701,2018,2018-07-08,1,15
2702,2018,2018-07-08,2,4
2703,2018,2018-07-08,3,7
2704,2018,2018-07-08,4,21
2705,2018,2018-07-08,5,72
2706,2018,2018-07-09,1,11
2707,2018,2018-07-09,2,5
2708,2018,2018-07-09,3,11
2709,2018,2018-07-09,4,19
2710,2018,2018-07-09,5,99
2711,2018,2018-07-10,1,17
2712,2018,2018-07-10,2,6
2713,2018,2018-07-10,3,6
2714,2018,2018-07-10,4,19
2715,2018,2018-07-10,5,85
2716,2018,2018-07-11,1,15
2717,2018,2018-07-11,2,6
2718,2018,2018-07-11,3,14
2719,2018,2018-07-11,4,22
2720,2018,2018-07-11,5,70
2721,2018,2018-07-12,1,20
2722,2018,2018-07-12,2,2
2723,2018,2018-07-12,3,13
2724,2018,2018-07-12,4,18
2725,2018,2018-07-12,5,71
2726,2018,2018-07-13,1,19
2727,2018,2018-07-13,2,5
2728,2018,2018-07-13,3,12
2729,2018,2018-07-13,4,32
2730,2018,2018-07-13,5,98
2731,2018,2018-07-14,1,11
2732,2018,2018-07-14,2,2
2733,2018,2018-07-14,3,13
2734,2018,2018-07-14,4,27
2735,2018,2018-07-14,5,95
2736,2018,2018-07-15,1,21
2737,2018,2018-07-15,2,5
2738,2018,2018-07-15,3,12
2739,2018,2018-07-15,4,19
2740,2018,2018-07-15,5,95
2741,2018,2018-07-16,1,25
2742,2018,2018-07-16,2,6
2743,2018,2018-07-16,3,16
2744,2018,2018-07-16,4,39
2745,2018,2018-07-16,5,158
2746,2018,2018-07-17,1,18
2747,2018,2018-07-17,2,6
2748,2018,2018-07-17,3,17
2749,2018,2018-07-17,4,51
2750,2018,2018-07-17,5,127
2751,2018,2018-07-18,1,15
2752,2018,2018-07-18,2,3
2753,2018,2018-07-18,3,22
2754,2018,2018-07-18,4,46
2755,2018,2018-07-18,5,220
2756,2018,2018-07-19,1,32
2757,2018,2018-07-19,2,4
2758,2018,2018-07-19,3,14
2759,2018,2018-07-19,4,44
2760,2018,2018-07-19,5,156
2761,2018,2018-07-20,1,27
2762,2018,2018-07-20,2,10
2763,2018,2018-07-20,3,12
2764,2018,2018-07-20,4,46
2765,2018,2018-07-20,5,152
2766,2018,2018-07-21,1,9
2767,2018,2018-07-21,2,4
2768,2018,2018-07-21,3,12
2769,2018,2018-07-21,4,31
2770,2018,2018-07-21,5,130
2771,2018,2018-07-22,1,13
2772,2018,2018-07-22,2,11
2773,2018,2018-07-22,3,6
2774,2018,2018-07-22,4,39
2775,2018,2018-07-22,5,146
2776,2018,2018-07-23,1,26
2777,2018,2018-07-23,2,9
2778,2018,2018-07-23,3,21
2779,2018,2018-07-23,4,50
2780,2018,2018-07-23,5,200
2781,2018,2018-07-24,1,25
2782,2018,2018-07-24,2,4
2783,2018,2018-07-24,3,13
2784,2018,2018-07-24,4,44
2785,2018,2018-07-24,5,180
2786,2018,2018-07-25,1,20
2787,2018,2018-07-25,2,6
2788,2018,2018-07-25,3,18
2789,2018,2018-07-25,4,41
2790,2018,2018-07-25,5,182
2791,2018,2018-07-26,1,17
2792,2018,2018-07-26,2,3
2793,2018,2018-07-26,3,23
2794,2018,2018-07-26,4,43
2795,2018,2018-07-26,5,160
2796,2018,2018-07-27,1,17
2797,2018,2018-07-27,2,5
2798,2018,2018-07-27,3,16
2799,2018,2018-07-27,4,33
2800,2018,2018-07-27,5,117
2801,2018,2018-07-28,1,11
2802,2018,2018-07-28,2,8
2803,2018,2018-07-28,3,18
2804,2018,2018-07-28,4,32
2805,2018,2018-07-28,5,107
2806,2018,2018-07-29,1,15
2807,2018,2018-07-29,2,2
2808,2018,2018-07-29,3,9
2809,2018,2018-07-29,4,43
2810,2018,2018-07-29,5,118
2811,2018,2018-07-30,1,29
2812,2018,2018-07-30,2,6
2813,2018,2018-07-30,3,19
2814,2018,2018-07-30,4,74
2815,2018,2018-07-30,5,158
2816,2018,2018-07-31,1,31
2817,2018,2018-07-31,2,10
2818,2018,2018-07-31,3,19
2819,2018,2018-07-31,4,58
2820,2018,2018-07-31,5,201
2821,2018,2018-08-01,1,34
2822,2018,2018-08-01,2,10
2823,2018,2018-08-01,3,20
2824,2018,2018-08-01,4,53
2825,2018,2018-08-01,5,191
2826,2018,2018-08-02,1,35
2827,2018,2018-08-02,2,13
2828,2018,2018-08-02,3,22
2829,2018,2018-08-02,4,56
2830,2018,2018-08-02,5,173
2831,2018,2018-08-03,1,39
2832,2018,2018-08-03,2,11
2833,2018,2018-08-03,3,25
2834,2018,2018-08-03,4,51
2835,2018,2018-08-03,5,187
2836,2018,2018-08-04,1,29
2837,2018,2018-08-04,2,8
2838,2018,2018-08-04,3,14
2839,2018,2018-08-04,4,34
2840,2018,2018-08-04,5,159
2841,2018,2018-08-05,1,25
2842,2018,2018-08-05,2,5
2843,2018,2018-08-05,3,23
2844,2018,2018-08-05,4,50
2845,2018,2018-08-05,5,172
2846,2018,2018-08-06,1,39
2847,2018,2018-08-06,2,15
2848,2018,2018-08-06,3,22
2849,2018,2018-08-06,4,63
2850,2018,2018-08-06,5,233
2851,2018,2018-08-07,1,47
2852,2018,2018-08-07,2,10
2853,2018,2018-08-07,3,27
2854,2018,2018-08-07,4,80
2855,2018,2018-08-07,5,204
2856,2018,2018-08-08,1,22
2857,2018,2018-08-08,2,9
2858,2018,2018-08-08,3,32
2859,2018,2018-08-08,4,70
2860,2018,2018-08-08,5,182
2861,2018,2018-08-09,1,20
2862,2018,2018-08-09,2,11
2863,2018,2018-08-09,3,13
2864,2018,2018-08-09,4,69
2865,2018,2018-08-09,5,176
2866,2018,2018-08-10,1,26
2867,2018,2018-08-10,2,6
2868,2018,2018-08-10,3,22
2869,2018,2018-08-10,4,53
2870,2018,2018-08-10,5,148
2871,2018,2018-08-11,1,16
2872,2018,2018-08-11,2,3
2873,2018,2018-08-11,3,14
2874,2018,2018-08-11,4,37
2875,2018,2018-08-11,5,117
2876,2018,2018-08-12,1,12
2877,2018,2018-08-12,2,6
2878,2018,2018-08-12,3,15
2879,2018,2018-08-12,4,48
2880,2018,2018-08-12,5,116
2881,2018,2018-08-13,1,16
2882,2018,2018-08-13,2,8
2883,2018,2018-08-13,3,16
2884,2018,2018-08-13,4,60
2885,2018,2018-08-13,5,190
2886,2018,2018-08-14,1,28
2887,2018,2018-08-14,2,9
2888,2018,2018-08-14,3,25
2889,2018,2018-08-14,4,63
2890,2018,2018-08-14,5,191
2891,2018,2018-08-15,1,14
2892,2018,2018-08-15,2,11
2893,2018,2018-08-15,3,24
2894,2018,2018-08-15,4,60
2895,2018,2018-08-15,5,176
2896,2018,2018-08-16,1,13
2897,2018,2018-08-16,2,7
2898,2018,2018-08-16,3,28
2899,2018,2018-08-16,4,69
2900,2018,2018-08-16,5,201
2901,2018,2018-08-17,1,18
2902,2018,2018-08-17,2,5
2903,2018,2018-08-17,3,12
2904,2018,2018-08-17,4,44
2905,2018,2018-08-17,5,176
2906,2018,2018-08-18,1,13
2907,2018,2018-08-18,2,6
2908,2018,2018-08-18,3,14
2909,2018,2018-08-18,4,36
2910,2018,2018-08-18,5,128
2911,2018,2018-08-19,1,9
2912,2018,2018-08-19,2,1
2913,2018,2018-08-19,3,17
2914,2018,2018-08-19,4,40
2915,2018,2018-08-19,5,137
2916,2018,2018-08-20,1,14
2917,2018,2018-08-20,2,4
2918,2018,2018-08-20,3,13
2919,2018,2018-08-20,4,43
2920,2018,2018-08-20,5,181
2921,2018,2018-08-21,1,11
2922,2018,2018-08-21,2,2
2923,2018,2018-08-21,3,22
2924,2018,2018-08-21,4,50
2925,2018,2018-08-21,5,158
2926,2018,2018-08-22,1,12
2927,2018,2018-08-22,2,2
2928,2018,2018-08-22,3,13
2929,2018,2018-08-22,4,30
2930,2018,2018-08-22,5,130
2931,2018,2018-08-23,1,11
2932,2018,2018-08-23,2,1
2933,2018,2018-08-23,3,7
2934,2018,2018-08-23,4,24
2935,2018,2018-08-23,5,101
2936,2018,2018-08-24,1,12
2937,2018,2018-08-24,2,2
2938,2018,2018-08-24,3,6
2939,2018,2018-08-24,4,14
2940,2018,2018-08-24,5,65
2941,2018,2018-08-25,1,4
2942,2018,2018-08-25,2,1
2943,2018,2018-08-25,3,5
2944,2018,2018-08-25,4,9
2945,2018,2018-08-25,5,50
2946,2018,2018-08-26,1,6
2947,2018,2018-08-26,3,2
2948,2018,2018-08-26,4,12
2949,2018,2018-08-26,5,53
2950,2018,2018-08-27,1,5
2951,2018,2018-08-27,2,1
2952,2018,2018-08-27,3,3
2953,2018,2018-08-27,4,9
2954,2018,2018-08-27,5,48
2955,2018,2018-08-28,1,5
2956,2018,2018-08-28,2,2
2957,2018,2018-08-28,3,3
2958,2018,2018-08-28,4,8
2959,2018,2018-08-28,5,26
2960,2018,2018-08-29,1,2
2961,2018,2018-08-29,2,1
2962,2018,2018-08-29,3,2
2963,2018,2018-08-29,5,9
2964,2018,2018-08-30,1,1
2965,2018,2018-08-30,2,1
2966,2018,2018-08-30,3,1
2967,2018,2018-08-30,5,1
2968,2018,2018-08-31,5,1
2969,2018,2018-09-03,1,3
2970,2018,2018-09-03,3,1
2971,2018,2018-09-06,4,1
2972,2018,2018-09-06,5,1
2973,2018,2018-09-10,1,1
2974,2018,2018-09-11,1,1
2975,2018,2018-09-12,2,1
2976,2018,2018-09-13,1,1
2977,2018,2018-09-17,2,1
2978,2018,2018-09-20,2,1
2979,2018,2018-09-25,1,1
2980,2018,2018-09-26,1,1
2981,2018,2018-09-29,1,1
2982,2018,2018-10-01,2,1
2983,2018,2018-10-03,1,1
2984,2018,2018-10-16,5,1
2985,2018,2018-10-17,1,1
